Q_W,mdot_kgs,Tin_C,w_mm,k_WmK,Tout_C,Tmax_C,region
332.5069978199489,0.05736298273984388,27.343516154273118,2.0631466164905508,278.78042460938553,28.758741315041977,47.86540351329229,central_interpolation
171.31108795721687,0.06169037501993209,15.134398753844376,2.156165170811809,225.02008756525072,16.10438217457391,25.545562260461544,central_interpolation
390.43244234751853,0.02987518210545994,34.28853795019148,1.2287911148025512,252.5407962798798,37.217452429334166,68.35165246117303,combined_thermal_extreme
277.1401846208812,0.04070886206570776,16.510607185082975,1.5433914945453406,208.65475126493456,18.14140577788869,38.224647593588806,central_interpolation
98.20507571808464,0.020854015663551412,24.582150880464884,2.136140421592509,382.57077936920587,25.673181119410593,35.77414565584634,low_flow_boundary
104.97238800674181,0.07849819457030754,19.406673598836854,2.1231587299442216,273.55854447898747,19.740515820188243,24.299374335466943,central_interpolation
315.10900080061083,0.06628024804614356,26.13037534910985,2.1982081043681365,127.28044632309357,27.295249348529733,49.74886331415232,central_interpolation
116.15105568909486,0.029195708943729547,20.95488981193918,1.7375310717663766,274.8764017106623,22.076282293002606,31.175511739666632,central_interpolation
244.03945835513156,0.06081332187799748,33.27513808383033,2.1529712792491873,145.88444134926345,34.24651004619627,51.699445435757184,central_interpolation
429.35373704273184,0.03746949322113723,23.42264647170143,1.3197255518189615,392.22916748386086,26.35163503415966,54.354416295773085,central_interpolation
51.532908810502356,0.06974304326668954,28.573555560079292,1.744815872019891,159.35669223572248,28.73242339892293,31.877318333749415,central_interpolation
56.34177422581552,0.07562877370805107,20.28869422314243,2.4643181990014504,294.23376671155813,20.41414265634597,22.8592306812003,central_interpolation
429.85485258841874,0.06088774517316832,15.412380697997872,2.1299241164011655,123.68190271096134,16.99852799885927,49.23189095275878,central_interpolation
273.62435405631834,0.011369373186534682,23.588283881782118,1.2112095817358006,289.1681882256156,29.065074211803513,71.10405774260629,low_flow_boundary
98.54306563583127,0.044831260922281284,26.400337903113666,2.7319882100490496,218.08152745075938,26.96680979723777,33.97310074048215,central_interpolation
393.2180914059408,0.0516137513331625,24.765376964312193,1.8801488651775808,245.5785945790206,26.893466337156255,51.272655186684524,central_interpolation
386.74546479884225,0.07793882629036676,35.44280523115077,1.8211443311188615,274.44468400952815,36.696960263613,54.43149123591658,central_interpolation
255.096658015101,0.06906918085093086,37.10420196610452,1.910440371045967,385.65776091877007,38.0895241467141,49.389959314632144,central_interpolation
287.8354514217394,0.05624448056083811,36.15798326328965,1.9460303079775865,261.9257646538282,37.31857439487478,53.86820948014221,central_interpolation
154.4941007490852,0.04669864033364737,21.270026919171904,2.1175601614413013,251.05319551362948,22.023706861966293,32.59751011977725,central_interpolation
69.32378386229198,0.026673923512178923,31.767382191651865,2.207311962726936,294.27364682961934,32.535941922383,38.918725452723756,central_interpolation
277.4221104007556,0.032509466283562265,26.805617435365544,2.1325509140472056,220.64852860589423,29.145521423477867,53.28952759631121,central_interpolation
162.74386140005686,0.03566058694098035,37.13756501349121,1.804392535441761,289.1813825797115,38.45098413329794,50.11159183011778,central_interpolation
303.8350503475846,0.04702316322529651,35.94938050939946,1.9197302508801544,241.1413858422967,37.61373890531959,57.96802621372595,central_interpolation
369.86378014229496,0.08298104976580531,28.897227994711237,1.7950482280686668,367.78681294284064,29.967289825379773,45.58909195747492,central_interpolation
56.946408047244255,0.05532466387610117,34.0998589621595,2.1120345197348307,252.5741695320981,34.3772110234527,37.42742408657592,central_interpolation
277.86051881729077,0.038294930285331555,30.422192487784,1.8489031269301364,296.71764181993933,32.042516670206474,52.27935461250762,central_interpolation
494.1467498998834,0.030162258660075388,17.70695508665094,2.015232159711108,291.72916983497134,21.403477963891113,63.84198341135318,combined_thermal_extreme
384.262350448204,0.04481324804998674,29.862753844349143,1.4422290074219057,287.033848471131,31.742169093766478,55.82240283372591,central_interpolation
147.02667375989938,0.08713941093954038,25.291706259566492,1.2171812339431354,265.42927818626595,25.70224794738702,32.034514540766835,sparse_high_flow
283.6195759625475,0.047650595984862,34.524457350874776,1.8790243943990794,375.7698088908311,35.90255716359187,52.89626545844271,central_interpolation
261.7293713342764,0.07216786577941205,32.14523200279717,1.020213288862517,265.28200856628746,32.791197657567615,45.07283301130634,central_interpolation
201.53368627266272,0.07407041349599336,17.212862111653536,2.0920185719618187,245.65169462251703,17.857249085584563,28.150009079221537,central_interpolation
309.1899420769212,0.03048170849101836,17.845707427638118,2.0296806496039665,281.5660511346674,20.221129310221286,46.18399048958307,central_interpolation
327.60688527865346,0.06184556441548737,16.47923378822037,2.4304100086442926,207.14243900527046,17.568757186099187,37.97255705900915,central_interpolation
266.85370670966546,0.08392305199237998,25.48145358832312,2.2243949535641274,280.0963640242153,26.185540362564478,38.443292741534655,central_interpolation
340.09650572316843,0.048834698718923895,16.716399883156253,1.513233491877084,249.7557421789906,18.331954697831797,39.13174567206293,central_interpolation
426.15703156729865,0.026709477607190404,30.37816465221225,1.9840166079184791,296.65602253342684,34.09724909153474,73.39934357722913,combined_thermal_extreme
210.37168837205795,0.08166806948624636,26.737619855821695,1.8190636019793573,238.66414552082568,27.491989613644986,37.901531924896894,central_interpolation
246.82801734621557,0.07917097573906642,39.47002420181449,2.0189972102755496,238.17608384801343,39.92937107266098,52.70425293748194,central_interpolation
54.76972831251406,0.05639491117416711,20.945660509265473,1.2232320933443115,207.8545437529799,20.879797851502154,24.17888423901271,central_interpolation
354.48092278871974,0.05829194658167261,26.031741663424242,1.862441409697656,243.1410487386112,27.48496513385617,47.963341752897996,central_interpolation
248.98800064509265,0.03683968947489587,17.496443325599067,2.0404439447880636,297.518997794521,19.125456027624754,38.01688911701055,central_interpolation
206.0452471129162,0.07512539759931215,33.79796255631846,2.9705918464724985,353.1056692605859,34.51379890727039,43.62855145783956,central_interpolation
85.9825258816939,0.05491180241870396,18.718855448659063,2.2335186111888,295.9737031877263,19.012072873164545,24.50343282360084,central_interpolation
390.2935812908395,0.02563430109398106,17.175197841196105,1.2507694781399106,251.10306611130326,20.67473876263328,55.0690990801439,combined_thermal_extreme
201.09026931551284,0.06652994225628686,37.16119698236057,1.8316840575368545,233.5994298285553,37.88216188714839,48.335505605559575,central_interpolation
311.0874613150268,0.08338126499757048,32.13241913536336,1.8238518532837564,216.91644936953438,32.95746373249055,48.34855537777595,central_interpolation
107.13561481081767,0.07573648089178227,17.24855871329951,2.1712025308926495,215.024659617136,17.819151581086402,24.222139083872417,central_interpolation
417.79273329944493,0.04096348283326401,28.056584265311024,2.703299004668932,256.98804519175394,30.444441020613844,62.72004847784445,central_interpolation
118.25397389685033,0.02685948035080046,30.85635263807142,2.2181600419124923,219.4040254425192,31.900140348094865,43.83909364516604,central_interpolation
441.95373981654063,0.08733545393984528,30.960474660261013,1.7142184412712407,252.5416564228593,32.54067799987092,52.55277645125942,sparse_high_flow
378.56094416332553,0.0825349516674212,19.038793840422787,1.4897738969608136,254.72912982552867,20.105297515508624,36.85077341772541,central_interpolation
399.06289963428867,0.057042165141910774,16.309509965524256,1.7260053662247583,262.8067917873156,18.06420161260019,40.8833404859793,central_interpolation
131.1463833776628,0.06396599693530672,24.537135655159624,1.5339435706923468,243.46824525456043,25.12386982329269,31.871860706648917,central_interpolation
229.69883972687168,0.05264380382478093,19.302813586446604,2.0488441857753896,250.8527216616329,20.45487082003597,34.34003263234389,central_interpolation
330.5618009952824,0.049945218127221795,29.859504691546185,2.0082311247002322,221.2857354473164,31.484028470008344,53.401264592515965,central_interpolation
385.9748931826316,0.031025251463508124,22.579721992677698,2.0326699291979162,246.67138147626966,25.58076879812049,58.768755484312855,combined_thermal_extreme
194.98765585176923,0.02959543259674905,24.548771246954058,2.6169990317814658,238.57273501848616,26.137743375410945,44.75236015050789,central_interpolation
247.7599537199067,0.03816212524059981,37.60338547559231,1.5466793143840254,264.9517994188969,39.06794188143871,56.090625110302696,central_interpolation
333.7065270237986,0.07620836702361229,27.060443589149074,1.005742622189626,244.13395511468374,28.15534640557987,43.56008514847285,central_interpolation
329.65951106969425,0.03268743494634784,18.94238902967803,2.0876070343825037,275.1407485882198,21.65595630146192,48.168353278704814,central_interpolation
349.4822497349775,0.03778201507062678,29.42844529444241,1.8558274409798996,243.33928887163228,31.819785569030525,57.85948975575552,central_interpolation
267.99968563038385,0.05806268573729907,16.51233747914274,2.103815758227096,226.21940556765628,17.660575837969287,34.04916889384208,central_interpolation
90.01527452782652,0.037053266738931286,38.92990060442135,1.899270510987332,229.63198470627262,39.63862573521605,46.05635697555748,central_interpolation
395.7697837608503,0.014168104594790568,29.546198294948496,2.1957577490765257,209.0756702582473,36.088983712152434,96.33773661967614,combined_thermal_extreme
381.0814962902933,0.05898892322697162,18.86175331600343,2.1293263982704893,253.5926929540819,20.365968720779932,42.624529256384456,central_interpolation
355.27226920051237,0.046689876072786775,15.299511216064436,1.02507041935695,279.77927955102894,17.259460505304126,37.5962072059997,central_interpolation
478.2453314756767,0.06294803500794956,22.107336459360898,1.817086532322989,250.94016783737223,24.14538106473291,50.146850121397065,sparse_high_heat
128.18199290864666,0.0809689364457466,18.247281861109407,2.8195845676587337,244.40105197046242,18.50984134280896,25.185146240989415,central_interpolation
334.4271396536769,0.017631773384566736,19.64124082879035,1.8736496801336155,222.6508319630061,24.099830209217014,65.96633866756193,low_flow_boundary
58.85108617759451,0.08104632056822303,33.54594299180515,1.7716597648677421,282.71359989677075,34.046618393160195,36.43834631642901,central_interpolation
424.55342239303445,0.08035686794764388,27.818099026080553,1.7929813958899352,210.11029306405615,29.09468574185809,50.76501053302352,central_interpolation
194.25784023604788,0.010580164196233135,18.749725126864114,1.7993703083242403,240.93004526822446,23.409414209661087,57.17933913139385,low_flow_boundary
487.476986632088,0.06327101279028337,26.829012264608288,2.283626448358442,282.0953628145556,28.700601404769333,56.22775140926254,sparse_high_heat
389.4959413466766,0.06256923942032949,20.435338885281105,2.064431272057698,256.74359472615834,21.959375046676463,43.94938382957412,central_interpolation
200.94593221740647,0.011070778138949551,35.74426836760939,2.1660285324424846,208.24956433547555,40.03457027618722,76.04836586856696,low_flow_boundary
172.06817688937224,0.06700121972672224,15.696091143103525,2.1274979662179323,228.93545503112165,16.450980145824865,26.025333491083693,central_interpolation
282.8434818035794,0.02453837863755789,30.561766471066072,1.868607564500917,259.00264975686537,33.5190345889125,60.786503481787726,central_interpolation
272.2284354586294,0.08385983248712092,31.42618680656783,1.4031790217247262,218.68323169251138,32.046433740901115,45.082584404863326,central_interpolation
206.49604144148492,0.060393036972331525,16.427208734101132,1.8340991726444644,234.4355226941038,17.191159786094747,29.038663072534696,central_interpolation
280.1788441193985,0.07273234788235255,18.65222398991622,2.1711236815659145,244.4345738079321,19.709741451270393,33.85103015068892,central_interpolation
407.7833738591842,0.047268755860865874,23.1665165059591,2.3998923708572724,235.09505507384696,25.207980413595767,53.61905474207473,central_interpolation
228.87239815967314,0.024281024476695147,33.44829006374269,1.9954999092068555,226.68329324708475,35.62606863137798,58.990793033768355,central_interpolation
448.37980621805605,0.05561328357221597,36.84530717573036,1.7252183848591953,279.0996987271038,38.92279171819511,64.27273972897918,sparse_high_heat
194.28128845274898,0.05545297751690352,28.925270562654923,1.8563415898552855,240.70065527170613,29.92775274076423,41.2385641855207,central_interpolation
200.74592084186787,0.051030325163621465,31.639022753457905,1.7948301746713076,271.4631339045605,32.511341230207854,46.00600749898588,central_interpolation
100.1490750825291,0.019397570827775674,32.5976092521723,2.2056573709112106,244.63196733736459,33.862854087908744,45.58234757854846,low_flow_boundary
112.29834896211725,0.03923904353201249,36.84651908060313,2.3545092873566915,340.56157985905634,37.348932361959896,44.78936339035287,central_interpolation
311.8449930730815,0.05673532709332252,25.81185419893648,2.27988574441303,224.95401060276635,26.990596346354092,45.97835609359089,central_interpolation
179.85024098490527,0.04714252280069013,30.257624463115313,2.0531082659747755,250.69190017621875,31.187628170155993,43.45253713356155,central_interpolation
415.2486348848464,0.08460570863213795,20.596025123132062,2.010643872244498,246.20579741440392,21.77322661288718,42.23897581986982,central_interpolation
143.17575509966736,0.034394420389316685,33.15790689776739,2.208410373451512,278.46175405734454,34.00732390625379,45.38293967547709,central_interpolation
87.83862320259453,0.043638930760506484,15.441720020111633,1.7165285727748736,286.97662141387264,15.8151767819928,22.212923321948292,central_interpolation
338.2154953475987,0.042019509668247974,19.16014654695665,2.1662916496442057,275.8100807689931,20.92323054974234,45.259163272705,central_interpolation
386.99628985858527,0.05772847810286529,32.00424878952569,1.7699624273411099,257.4503711989864,33.673972832627385,55.734058987922374,central_interpolation
156.3783590033441,0.05495465618937132,22.230487002719286,2.204466859364259,253.73049644994018,22.61512824412509,32.39413093428844,central_interpolation
127.29869887939532,0.0640556493217292,18.183947694711502,2.017505731542717,263.0154427111293,18.506963656690996,25.709259548727243,central_interpolation
121.05554658819085,0.0833501115461751,38.073844087249824,1.736677641416055,230.9047266795437,38.1413627547761,44.64233897422573,central_interpolation
249.66970527269098,0.04146892838611364,37.16386282837273,2.1999470232807945,278.0662161533817,38.664997145738184,56.55210315870228,central_interpolation
229.1693652768899,0.06714460886306478,32.98135749858099,1.1209271478507299,282.11633598432945,33.52630143508367,44.50570168529624,central_interpolation
149.23573874435934,0.02507753278932657,16.5013277101361,2.761693061621145,229.04954468636475,17.927724387118214,33.70396609005393,central_interpolation
67.27871724845559,0.04003047378221834,15.6477193188988,2.178694714295977,107.6679299906288,16.295149953889567,23.267749597459687,central_interpolation
234.17043767480237,0.052714342863785346,24.884822886532916,1.9789226743147346,281.38594515925007,26.19705461278645,40.15140351215051,central_interpolation
416.94462297062023,0.02545267167431147,37.13371733338388,2.2288332226129,243.20380907342593,40.776154942615605,83.20761029344446,combined_thermal_extreme
299.58859428789367,0.06241317601487925,20.928958322550187,2.158826725859611,286.8100181883471,22.120419645673504,38.75549664591327,central_interpolation
239.53125791044656,0.06623356832930762,35.38237395517478,2.5849337620772204,184.90579653215474,36.097970719197235,51.26902747718084,central_interpolation
92.33971831632817,0.07054409803479694,33.86322500253753,1.8753410636792087,207.51879032880103,33.996955140889064,39.33672033609003,central_interpolation
146.5568811352171,0.08684427111346267,36.28464595531942,1.78020831413104,236.3080143034649,36.6707746746288,43.97289788718487,sparse_high_flow
162.7510357122626,0.06154851389365348,32.360146365443114,1.5258281442576884,255.88921289446105,33.17608435011278,42.09792184004369,central_interpolation
342.53735887226713,0.09459485514342374,29.5746801795874,1.762878613486037,236.62983530795796,30.529678998418674,46.02624118654433,sparse_high_flow
385.3418799537169,0.02609894104791344,25.876225764226092,2.0174063600441405,169.52255922750945,29.29610602193583,69.23150151786808,combined_thermal_extreme
394.8780089891627,0.08746612075083635,23.986968039661086,1.863541154500868,227.92392061496307,25.171232351170023,44.174180188568734,sparse_high_flow
426.59749265591347,0.06476474322469225,32.32943356341596,1.2440955995069083,230.3092054233411,33.566426876071596,56.41981659104188,central_interpolation
425.7552562874837,0.0862199838739039,31.852937944769202,2.056751731581688,338.0746035495905,32.919645219517385,51.332458266046,central_interpolation
414.5221682837529,0.02449560406728766,31.084897138779382,2.178760470307321,205.34774941075375,35.0039097936021,79.9208154293292,combined_thermal_extreme
77.47196874235328,0.058627760300062115,36.21293896332504,2.166307689698767,270.48013471191393,36.54036343056847,40.39922397472669,central_interpolation
102.70602749238549,0.07081355143160115,25.16838979500441,2.404899146373569,234.78791754154264,25.484447324809256,31.546562859956445,central_interpolation
166.45844637708257,0.07558681416487437,32.14711327867321,1.8757416427474203,292.9973080878966,32.6519832506704,40.297544845840754,central_interpolation
261.48358217965654,0.05784790877702633,33.32766529839891,1.9794508290290442,267.2275833726774,34.38129271296486,49.55558302674783,central_interpolation
87.09404242984583,0.06255470675159862,19.496554855890786,1.7056007439320149,209.69934595741088,19.832521293154304,25.911325835771805,central_interpolation
373.5173363593195,0.06739367155229686,15.893911893627546,2.148114573881819,213.33650278677763,17.298945067750115,38.23646643109444,central_interpolation
285.9092384970707,0.07761487373068612,23.60090354650732,1.8814058672853697,184.09316291053995,24.50330591031505,39.99196093100238,central_interpolation
257.45438388059335,0.031204240843777577,33.20565454428149,2.036896119962112,290.73600339027496,35.13400550128036,56.74505840888107,central_interpolation
451.1439970333182,0.08184947836531639,21.143444725383343,2.587765372510324,266.5646387095829,22.520447010503027,44.39662517805422,sparse_high_heat
146.8702189580755,0.02513909642374891,29.875215773932762,2.191639704280597,343.2114651524874,31.3948110900151,45.72622934346207,central_interpolation
111.3193495557137,0.07618058431033985,15.156147955115582,1.7720670672385828,223.04344208920278,15.421825815215444,21.02932496015703,central_interpolation
375.86443285651046,0.028334646873260927,22.55149418680505,2.226471748851773,105.76504136698361,25.71152513777627,69.14500421474906,combined_thermal_extreme
273.46715647341597,0.0357615773311101,28.079729763610715,1.7275621982640337,223.14003349042065,30.08080852150571,50.891055988096504,central_interpolation
331.1870060262598,0.023745331222011355,17.75734028903716,1.0473845506326225,268.6011294828236,20.92385591420948,50.282275204439316,central_interpolation
163.23257006308484,0.05155117244877057,34.05289688313297,2.636508049307729,273.69919253908114,35.080032740083624,45.22241081445165,central_interpolation
192.00413368626602,0.04456463128319571,18.320822013737935,1.4121878126608813,231.51904799698676,19.14919915026148,31.43723477194826,central_interpolation
204.85702389314918,0.03395755342368272,34.33311283133489,1.8496014375142675,152.27525281936528,35.722478237236295,54.915458029372274,central_interpolation
340.7057266920933,0.0519186801306461,19.59827280951321,1.8605196190199194,225.06903540865545,21.023421235418937,42.27310545637319,central_interpolation
345.4250177855223,0.09910074281740656,36.128421820711615,2.031596813662188,239.10366917099483,37.28928995241915,52.026936323932595,sparse_high_flow
497.60502481439613,0.07186264506002071,27.850910157531306,1.6780638837949764,291.86209584520077,29.429586012521384,53.80595750477818,sparse_high_heat
410.13861270232286,0.07976720928241204,16.792329006814114,2.2564620155542605,267.3824231188987,17.945510141712933,37.902972447515225,central_interpolation
96.15066657221004,0.06461173686132615,37.63918596699231,1.1999094384226054,348.08644581874,37.93907533784324,41.883867772463,central_interpolation
392.7666965270386,0.03133785448977101,16.59208604551371,2.201615722146636,265.19551829812076,19.600525577630872,54.1981949951805,combined_thermal_extreme
88.40133446105204,0.04210962006672059,27.535220879932726,2.1156449001601274,332.09493237384413,27.98746308504145,33.62738126735285,central_interpolation
151.18647776537648,0.08103905270043363,32.20355804945694,2.056593706872394,351.45280442862327,32.629301153875815,39.28351010358773,central_interpolation
373.7780400459935,0.029090273059497018,23.562958262623248,1.788637137524641,382.5890465765619,26.103070570327674,57.3783101458375,combined_thermal_extreme
118.65571767237844,0.049131917881622064,24.452759884739564,2.1896693609247695,220.91639812963527,25.038267322766426,33.35868797196474,central_interpolation
208.18973372606345,0.08287779101170932,27.522363702873346,1.7223649327958233,242.11869006563893,28.12513233587762,38.25441566569259,central_interpolation
222.0711822286283,0.0833918850125776,26.32711285171006,1.8585149979411812,262.13561971146754,27.11906231875169,37.03957718030003,central_interpolation
143.81155718137768,0.04940580015408022,29.621311828401993,1.7342353501591767,271.17986710140144,30.51304205508284,39.08277588330078,central_interpolation
321.66878951101484,0.06554600395022424,25.025446553464313,2.100457385350677,226.88987163013167,26.169657062394176,44.39545630717883,central_interpolation
375.635503396343,0.052274972696301936,30.169539557611436,1.9210226495561087,283.8397605414398,32.0085916524663,54.771955963589555,central_interpolation
384.5249909947562,0.07096801398448953,37.443439579819014,1.1439915322769263,239.15959963672103,38.572586948069066,57.17110355744705,central_interpolation
450.3603383608657,0.025489623833658905,22.443829147786253,1.9082185755821541,229.40230461034736,26.779756861593214,71.82026521698255,combined_thermal_extreme
253.05027581508904,0.03258190038204559,15.259578586951205,1.0514075431505485,222.56080499083524,17.02907999146734,36.252784461882136,central_interpolation
145.01544947861169,0.09914823829030615,17.669532217972662,1.9747766060997085,277.37542009626765,17.84123334733452,24.154294448241473,sparse_high_flow
143.63466184293063,0.03815079253391301,26.76217643097277,2.833279720478911,236.87481174694562,27.633745553080633,38.82442306895541,central_interpolation
111.67967904086098,0.06546129485395635,22.315477976823857,1.6227654885373113,248.5059125099141,22.933107706496607,28.15571624339759,central_interpolation
409.5572716338744,0.09387172990109907,34.97463011623109,2.3213176302342635,225.05378412074882,36.044051806866584,55.2927578596675,sparse_high_flow
389.6557269416343,0.07935867016205275,28.33322941478189,2.02763134764526,266.7481964052038,29.730674131428984,48.00353518362473,central_interpolation
347.3397078478423,0.07511334129027915,26.057547701766193,1.7451702597669723,275.293006679718,27.049921961457436,43.81095591957122,central_interpolation
248.00553189255635,0.05454878140433328,31.958339402030397,2.1008335914120493,119.0273797910014,33.20163526724779,52.235785673138,central_interpolation
237.657527683291,0.07219239048697604,20.49503475979327,1.8853176529491564,339.7704229895416,21.18364230423317,32.801137893473395,central_interpolation
252.62771731480547,0.040581686832810694,32.41944398100014,1.7086608816674131,207.75495486042124,33.94038267794938,52.31563260508339,central_interpolation
255.23726519323665,0.054638365939147344,15.065048478361975,1.793357334250547,312.62984446595044,16.21350711998476,30.273104852414633,central_interpolation
216.22037989686655,0.03594136926738652,28.168143945384003,2.9784704980354846,257.99083284044417,29.70451997001464,47.47335727511941,central_interpolation
100.3962235812158,0.07773582861682261,34.8635894597228,1.886240995418041,162.10768020296774,35.20973021288645,41.41110473505087,central_interpolation
461.52210086825323,0.07535325984381014,31.74202398071974,2.11662980825213,227.5614690558153,33.09430432591056,57.64273908691359,sparse_high_heat
414.2355163109739,0.08033542910976707,33.13972658313139,1.8443920853394586,379.51067990203694,34.50357486877483,52.160114676847826,central_interpolation
234.3767655417791,0.07878104981712834,23.435287272394383,2.163677701085101,233.65476223385315,24.40574763133544,35.583423458167516,central_interpolation
414.6011132762348,0.08395456450974817,32.515077604627685,1.871886308836388,254.86803210594312,33.60724878082921,52.79781142120934,central_interpolation
112.56815572411708,0.03788518259281133,26.705172881893166,2.338901587123887,221.26056409191762,27.139705962280697,35.9036052722172,central_interpolation
262.0643311552746,0.08220493032010487,28.143980025692976,2.179529828150708,366.28315823644124,28.980449709184185,40.95050214626863,central_interpolation
129.45184940696376,0.059486431055175856,16.251950960885825,1.9313336771862493,246.01271740190654,16.722139550657424,24.475747042189415,central_interpolation
146.8431118434251,0.09482462557384534,19.28297356495583,1.7280829650892822,263.33944362442423,19.633249777671665,25.66786646487829,sparse_high_flow
61.49587637615089,0.058803555445976,26.707993829662993,2.021267312635328,257.02353231279386,27.04124968615456,30.29637734269461,central_interpolation
95.49964135813083,0.0450839484689675,16.249522478749324,2.05018959171236,233.57994044988158,16.68709863289311,23.070463927934213,central_interpolation
400.6945159181674,0.04167883943853998,30.755744639988905,2.041839867034477,227.77577185279483,33.01208663079608,62.07974894522072,central_interpolation
172.9863692419919,0.03870280329258431,32.851211431090405,1.7538342969111034,281.53411139947764,33.90394511821171,46.46637810537597,central_interpolation
461.69480254385974,0.028692963335798988,34.557700177514604,2.1995593119101704,223.61671255313638,38.62213653073308,81.66257019013285,combined_thermal_extreme
227.86790548589693,0.05478358852027281,36.36683429060001,2.9175827790914086,276.1247740366813,37.36499478347868,52.52701710827817,central_interpolation
203.17260130631897,0.07942898556997491,38.579624418301236,1.7961634881098547,258.02438396228695,39.005337666108886,49.46620810386032,central_interpolation
253.44642993987105,0.06319957406428622,16.43692516212252,2.0995488203614956,277.39161424251256,17.215559479035388,31.804695411611096,central_interpolation
121.61889631536813,0.05632146486361373,25.073694588466076,2.000521237716061,221.71555986905932,25.610434370930154,33.3758026204136,central_interpolation
428.14099118373804,0.09044057442059086,32.855334188341004,2.023538334593406,147.85718016879383,33.816820170629725,58.31702461790162,sparse_high_flow
363.0027597792276,0.010968990756320377,16.494111694494677,2.57608806739662,374.29828728619384,24.165533567042772,89.43313361263962,low_flow_boundary
333.6675970198046,0.03668447289703291,15.387410301015903,1.9019262055324537,266.99857220867386,17.655604608720925,42.69436459352574,central_interpolation
229.30043110783683,0.07534496026316512,15.530139022516327,1.848453234066475,101.82772164904523,16.359842288389792,33.760127466114504,central_interpolation
108.4754992133235,0.03599812668673627,25.864492588015715,1.9197148801775752,105.48536232108496,26.52913955093055,37.56294462107801,central_interpolation
402.1546907896397,0.016440618694339583,32.24643082267909,1.6648896580650665,235.37916220245626,38.13401617260244,89.74992929001684,combined_thermal_extreme
180.58055327351082,0.07137905572425762,17.707816760292744,1.9268090644018092,333.2897815054142,18.340402305043494,27.033297684603202,central_interpolation
69.16580880907716,0.05971674964774726,17.64796789919024,2.2700206779224805,269.6884703573337,18.015022470702007,22.614847889669136,central_interpolation
180.96940638006546,0.0778643616221542,27.081620669808075,1.98995748925305,271.7225235654879,27.727555851233053,35.8524610765004,central_interpolation
353.87981416467574,0.04183617220439095,19.978781517253378,1.7649382621021208,234.4485264057283,21.608626178531928,47.853967336195645,central_interpolation
288.1860949579896,0.07904188493830039,30.517041871828567,2.1126960976257356,283.8604399755553,31.351963728329512,45.13467563111378,central_interpolation
337.1957586649088,0.06945285895475617,35.17975199875593,2.767063059246243,148.58090601351688,36.417263390436176,58.23845795085598,central_interpolation
353.5655343273594,0.07382123914899093,31.27820989025878,2.244767147926554,279.62153068844356,32.36080827153645,49.97988234082351,central_interpolation
131.07263873830755,0.06536852170022078,33.63997653555197,2.043176502684883,304.3245885801941,34.12441646279073,40.304100524350815,central_interpolation
403.3471184056414,0.07681961007036807,26.04120372339799,1.9257684466091187,214.63635155484545,27.40812666744496,48.777856148449615,central_interpolation
217.5310231170425,0.08606522835121105,32.68678521462258,2.048406601105544,229.89976578398367,33.30272559068744,43.50316670218459,central_interpolation
294.42272084354295,0.04997025983505224,18.886692659717,2.1895586373195495,250.6467753743594,20.520419744186036,39.49679741178801,central_interpolation
50.88310551442881,0.07477668807370294,16.45239267090708,2.2167424052110722,230.7723660121568,16.783998538423436,19.769364327929416,central_interpolation
429.9634506422756,0.07040852484963611,28.939003590149575,2.191306330965465,224.349670817804,30.38005697694507,53.874183711262575,central_interpolation
157.44286763128935,0.052030820439857135,16.10399070485869,1.2715716512531876,183.80967788454905,16.797158592726078,26.815814659406303,central_interpolation
73.73913825160938,0.08189778698314826,33.965230156718206,2.6991705139286033,254.2299407262066,33.75277473433153,37.37471937002446,central_interpolation
225.28523088771658,0.04834883356307347,29.695525626032644,1.5101535226846647,270.7941425234237,30.759684420109203,44.46754790012674,central_interpolation
99.35399687213098,0.059124352725402965,35.23426541493938,1.793857296820019,257.311563518993,35.432714226591266,42.300396799616315,central_interpolation
108.26496663527271,0.030174368490430578,21.670091446656258,2.4312584715518355,248.51024905964005,22.560413450411644,32.663908444705385,central_interpolation
449.57984562025365,0.03772383722617477,25.330864070534442,2.6124411615496603,172.0776237967224,28.20082273761989,67.08959633350383,sparse_high_heat
200.29472727561424,0.07646385874362692,30.76092025720878,1.9539930345269452,276.28592875821676,31.491067673964007,40.89284140961446,central_interpolation
402.60856218428563,0.04848282153821738,20.15905344104244,2.2124883838438354,222.71839077079306,22.35234492354496,49.61910692413397,central_interpolation
172.0773591875868,0.048327297633161265,26.51428742737292,1.3845679522845487,383.8946282103851,27.360959977150245,37.07721407788847,central_interpolation
327.7638991068422,0.038996804146009076,29.01367959386641,2.6895354869247505,280.7429737077763,31.363599489245317,55.93568331303445,central_interpolation
226.37053203425216,0.054471451060739626,35.799683906999626,2.156041262492534,271.707327315629,36.827328659982335,50.67184953035568,central_interpolation
302.43137268194914,0.07426646856508921,30.82494500265068,1.7350166901066295,358.05104690475014,31.601237813730695,45.12080029678229,central_interpolation
279.3834739438663,0.0798953394197456,17.51028056843032,1.7060825414844196,186.41283744924073,18.26134203454087,32.92907581327543,central_interpolation
230.83986958031682,0.027917209218783587,25.100835841895343,2.075661387085526,258.64434728510196,27.020253543090465,48.51789931750306,central_interpolation
413.3983686938472,0.05971370606812727,27.511379138528405,1.7722890824834705,250.1898571461717,29.25404589161902,52.15182398916169,central_interpolation
181.0879683537706,0.052938222177217074,18.115741785867495,1.7352002793995245,272.1705031134602,18.790840493397237,29.965305596681794,central_interpolation
117.79257922784676,0.062199756579709435,24.179278710847917,1.7938472912633932,246.7690777772641,24.586990064103492,31.194571865628753,central_interpolation
309.3709782865343,0.05167836827522096,21.035123597136238,1.6413605209650386,206.5563721973305,22.441084505357544,41.6295681756947,central_interpolation
373.5978922002751,0.048614623713765154,17.52508527306805,2.0200323647068794,221.58429988001396,19.293721678824724,44.55606903561324,central_interpolation
65.39705552702084,0.05322848488305783,25.88089108609841,1.8701724822078354,257.9890029658196,26.296107962426188,29.465520238714227,central_interpolation
221.9845033216753,0.06016594511165409,18.51970297151234,2.3661044340774486,267.4795353719192,19.497300457651512,32.55069377320828,central_interpolation
391.3765413054023,0.055061942295001935,27.548919932446623,2.235970391824389,208.0085481440714,29.42192984606434,54.525692815018076,central_interpolation
336.7291217379968,0.05324510041430071,18.60605981013964,1.2743956167453308,388.0069773850222,20.067188037696578,38.343164735709585,central_interpolation
429.3664515603428,0.07502362452735908,30.37639212655995,1.871379308095746,228.51791039107266,31.923967459900105,54.46249864242064,central_interpolation
253.26578293594574,0.07047582344798503,19.148884489380496,2.203182280873187,212.51515258479085,19.802778673349483,33.824957873135716,central_interpolation
302.4483624414404,0.045006845133415144,34.046058391493176,2.2226515159158184,253.77516089740283,35.4431644602348,55.76906765974214,central_interpolation
165.6987075352575,0.07393635840346519,15.556948826662188,2.783403622450408,216.13317837610123,15.910258200370897,25.123634886471926,central_interpolation
484.8658983345036,0.07727999214728351,26.092444474721887,1.072125418879451,218.2086340551562,27.59266647819279,50.49173151121773,sparse_high_heat
190.12332437287515,0.033170008938574004,21.802226275089122,1.9146766663066528,274.9502787376828,23.351857702430234,39.193551214090085,central_interpolation
332.48034760263545,0.060208995089037806,19.782876172710054,2.3210639327704206,268.66826638647,21.011738866560368,40.290040057273075,central_interpolation
204.20112807554884,0.04147465559675047,25.021559057259395,1.9211730386255605,290.3566265473943,26.126241368385237,40.6703504340886,central_interpolation
264.89574074909723,0.07006785628138351,32.892915146890545,1.9735909096964361,229.60286352117504,33.76365628678005,48.02587758798216,central_interpolation
325.3168196457414,0.038543475749597045,34.44964061744129,1.7746655166977385,207.64686423608555,36.55187072366397,61.39638450664031,central_interpolation
244.667313044893,0.06579842202290101,21.444033135641725,1.7123805728195285,234.6470994500591,22.260692588097605,35.65728018165865,central_interpolation
396.960520042887,0.039572853331630936,18.277676969520265,2.2964542818602696,378.6119784662311,20.594017057861702,48.949424763759986,central_interpolation
210.38262788238742,0.05570205709608642,30.30298451078403,2.2259943469009764,210.38210883452854,31.00345124600386,44.83003353347773,central_interpolation
297.5049627898219,0.0832647274787201,27.36747291593975,2.7754221740839706,237.3741391904286,28.135274495800456,43.046892437282025,central_interpolation
180.9536307372707,0.04752237492275538,19.271593159398147,2.1875724538663515,231.82310927922163,20.35785324251754,33.18272676452788,central_interpolation
206.1199255983625,0.07867152461568208,31.15628549685803,1.8320609436472635,148.84331535296744,31.79582185415497,44.00535439152388,central_interpolation
484.599830667968,0.01457239105118013,26.0272717488955,1.9555199349052559,265.1456809835014,33.86054932251077,102.4215518062436,combined_thermal_extreme
98.1211845044491,0.07861560347472529,28.88464798953241,2.648968542478657,264.3187304521937,29.36823331064013,33.03462056403177,central_interpolation
85.08430724007006,0.0339495598725706,38.599956932512576,1.445382037918573,253.1944684630909,39.11088433195975,45.98302830389455,central_interpolation
305.3148956036349,0.07513846783071527,24.33082317767549,2.1675518675358996,286.9697175713438,25.51451965362173,40.41836771676091,central_interpolation
300.7355349162175,0.025525411891335358,18.832269590467522,1.705618872455719,214.28249674572453,21.85738524025384,51.07259956795719,central_interpolation
303.5629656853614,0.08736362932251168,31.075962187463496,2.0172145220612534,218.47203020303178,31.914441915876886,46.70968038964508,sparse_high_flow
57.560665343579565,0.013079072007411622,18.336490638225577,1.9329552170074706,239.51047112974717,19.163063853160956,28.030008899701407,low_flow_boundary
174.9041673219558,0.06689138940387496,31.538930138460053,1.935651135932722,131.7018761085489,32.506996560877845,43.9646557214437,central_interpolation
125.66226657664282,0.012548515121159483,31.957666916297452,2.8842645478560853,257.5671363020871,34.40804557941252,55.91579461130236,low_flow_boundary
347.6429191230847,0.04793543358020509,30.865270486171333,2.7719502261853726,211.66384187211386,32.5492044296569,57.93115433039446,central_interpolation
379.19112853401975,0.07467470762762801,15.412734246248235,2.0012796731807785,285.2496795455502,16.769222178639673,35.13221625088139,central_interpolation
144.35524428900135,0.06820217944873791,20.80408076789181,1.9591088006808184,209.70496101610138,21.41505881178823,29.85060598690328,central_interpolation
305.4523032593548,0.05300953513578742,24.95217703432604,2.115905965377409,237.30753524047844,26.525362061810284,45.63805840767018,central_interpolation
99.48127232278998,0.07972651324420857,36.51550176915122,1.9509766755896905,390.2908219538802,36.71423406110667,40.92250164240665,central_interpolation
155.24584104265534,0.09645571601008951,34.53346961159232,1.8351453816197671,290.06489657137615,34.96573746913134,41.49949365090441,sparse_high_flow
103.03534480928298,0.03423466507699337,22.981626907734924,1.7165985085437871,224.6227543445579,23.52273318011839,31.461967601880286,central_interpolation
158.44669322420515,0.06399663715301564,33.594245523946526,1.7229352671696443,140.85629126251206,34.28565762176867,44.85452502165352,central_interpolation
308.0867293610988,0.020306052465389822,18.472872372907776,1.780501283184115,350.19998827852123,22.09393190045727,54.429389648883394,low_flow_boundary
398.20004314585907,0.03907716411832653,22.889710359558322,2.0422897908826414,260.69289360756414,25.36618944210839,54.389303693025205,central_interpolation
127.46482103100114,0.039229233872831074,16.110992729953114,2.1849108860227546,279.59910026886564,16.86525394670744,25.466662732383934,central_interpolation
257.3452308686501,0.032288427421617964,30.777897434931972,1.902134782908917,250.81220214293626,32.644262538844586,54.01085348200924,central_interpolation
318.28209622561286,0.07771550398223882,18.2013710954494,2.0810679211849825,346.26000742687427,19.049511354291642,34.39071446475252,central_interpolation
414.4928441957289,0.037763045045914045,20.46167533252973,1.941885951470536,293.6282677028689,23.202349260073802,53.40803176846032,central_interpolation
283.34813470434403,0.055200247183667936,31.473706609105815,1.117579323134032,217.68886063569946,32.92341529548266,49.31280148666096,central_interpolation
147.5784011179731,0.08592496611413888,26.362730245232587,1.9408510036660873,241.9836574775791,26.68953253309321,34.74988155242222,central_interpolation
289.24539501958066,0.024264876758088746,15.29692028764233,1.89944908034467,283.6036377304594,18.227617950776477,46.72928336007818,central_interpolation
172.58786934184118,0.05855862370218003,15.047498100882189,2.7847542079131338,286.0432671855329,15.816402684730859,25.709567444673464,central_interpolation
423.3691094395782,0.05577420969041159,25.851538424472814,1.9920316264463642,293.2343891403797,27.6661234778497,51.84789145832099,central_interpolation
202.8761217000911,0.07436918471383974,21.48030466717039,1.8357175399727172,284.63628330379436,21.903001754796374,31.98462764392006,central_interpolation
312.1761031910879,0.04588273699182495,18.831618227397513,1.873280640089468,209.58613228486712,20.26174441463703,42.0085506255717,central_interpolation
58.88455024763512,0.04935150561063962,28.038871176467357,1.7818820987256134,308.4578858628353,28.20676120753092,31.656677999144055,central_interpolation
458.03646596010555,0.03408009277772841,19.854275023995328,2.2511512694414786,243.5350472266107,22.744126789973453,61.546065916081034,combined_thermal_extreme
488.8709908979495,0.022845819607528815,27.584401930805143,1.730207507741881,263.6457268710924,32.90757658412709,82.82476111139174,combined_thermal_extreme
283.4119974957165,0.07293666127885334,23.0594014499583,1.7077077491335364,324.6435405652684,24.04282439636582,36.603932628417105,central_interpolation
446.88255807193264,0.032109789209066306,18.96835712548303,1.8097933601161211,278.23012689521937,22.288595598807298,58.239613336937275,combined_thermal_extreme
407.99609353416514,0.011892426519744979,17.93472567971091,2.186524410746375,256.832734869049,25.801895048673607,94.3391577801343,combined_thermal_extreme
376.64902387631514,0.07975301470784903,20.033287816454873,2.0140800719786487,179.41456530682206,20.8879186658873,42.33863913655086,central_interpolation
173.24749523727388,0.02367055824157459,15.633932295275933,2.0755059724261917,222.43943243686905,17.3820553341358,36.10532659967986,central_interpolation
258.2897637808124,0.04232182144922583,21.547697943270705,1.9146390052494409,221.6484785279412,23.301224762398043,42.78709990900103,central_interpolation
237.357777955367,0.0584676639583105,34.16653716636313,2.6362990168306712,244.63391214263083,35.031554653654524,49.51817408228363,central_interpolation
291.8174562939348,0.04454791315857706,32.666445175014346,2.2136948974953006,205.42763904662326,34.360907989679355,55.45141523693728,central_interpolation
177.797559611724,0.040638846918193174,22.905079830292753,1.8151365632752443,267.35676594066325,23.87826028020254,36.71314624321946,central_interpolation
432.7906398575683,0.08787411084811173,27.236464394863333,1.7198355203270688,231.64483550272098,28.421320070435197,48.5256060993248,sparse_high_flow
399.0969769852426,0.034935955810910704,37.43890586091045,2.043622481559916,255.1569411593005,40.35012759690717,71.95611206135037,combined_thermal_extreme
403.3819960581787,0.05686639018044748,32.610672707866385,1.7499735322307606,292.61605012683435,34.253358206263684,56.69147785021888,central_interpolation
372.57100380395696,0.06802184304273323,20.02116465723552,1.9125022894557342,220.35799234444247,21.22611188062515,40.960122473459194,central_interpolation
424.1631947674447,0.022955696458850712,21.298234136851512,1.5588799454389468,261.05732530197395,25.925056065490654,68.02396227929607,combined_thermal_extreme
334.95925861073084,0.029365887844087446,21.412940467094245,1.9949657535907972,232.50963643999387,24.144668229507886,54.33304583892832,central_interpolation
471.0537969387625,0.07669774269243111,15.86848728264808,1.8449050713482857,111.4059613616181,17.499365965615844,50.63859165577302,sparse_high_heat
341.6907101757101,0.034523603761711756,39.523020744982745,1.909175854015711,159.06704316701035,41.78461638871503,72.28080602264778,central_interpolation
233.83241883543224,0.0716831560385011,33.65566775249515,2.1375445873059027,224.3337428252946,34.645939642579165,46.679087319416766,central_interpolation
224.5929644017089,0.04621560197887858,34.379737510893975,1.739812486853961,379.683834265926,35.5817176835981,48.96462932913508,central_interpolation
141.8865506269937,0.07281396492753445,38.43312650591717,1.769888369559926,220.09220930225115,38.96385284017971,45.5820295374322,central_interpolation
499.60024964053554,0.03649519291453678,24.733744009391668,2.0697572209943416,237.64357232619014,28.02378964602255,66.9584124200174,combined_thermal_extreme
160.66495205914296,0.03525971253281208,23.10366415873733,2.0641830406802644,266.9098179034107,24.116379816160794,37.10205871776288,central_interpolation
148.61171671115056,0.0180292937969139,25.39888292824699,2.283477310721223,321.7705891247976,27.367763782134464,45.55198838679318,low_flow_boundary
274.13022559174095,0.02557496892599671,26.78778988624689,1.9247296887532697,258.75527836979353,29.282006324484552,56.151564239547845,central_interpolation
206.81826349607903,0.037693732343287004,15.430498650377103,1.7390465763065095,227.58162815173736,16.88518253537286,31.660292479553394,central_interpolation
133.7126528639468,0.018662415472403972,32.89764776832467,1.685841212853061,288.9443385848685,34.578801607023564,49.856517159133574,low_flow_boundary
362.1414264079579,0.0762551591332418,35.690361554933446,1.246321171745779,242.2491323484702,36.60039919034547,53.911548953363265,central_interpolation
379.1679941300988,0.028589477928082058,28.884852255077398,2.443579482611445,230.8267542951101,31.801238147255976,68.57725160104623,combined_thermal_extreme
114.14506627675122,0.07907089569460057,29.034610067984097,2.031717184121118,286.3893565652625,29.120461105068802,35.07609055667208,central_interpolation
52.87144004599995,0.07374358385535028,26.219571978902554,1.8186602729949586,263.9760653737948,26.483544051388684,29.28216485392779,central_interpolation
178.56971296248545,0.07829011062953882,22.103309998930612,2.2068380347286407,260.2551276824605,22.475465359064355,32.15864159909079,central_interpolation
355.04789464788786,0.0876550281537483,18.165778763814824,2.201096897470298,284.8061186949551,19.178425104993114,35.14766639392893,sparse_high_flow
370.9840038346291,0.06597164323951978,27.41134603229108,2.113339713109715,210.2686257644246,28.77521152929007,50.842223541572984,central_interpolation
102.91086931938884,0.05658087370072642,15.95500482457065,2.2800459143076823,280.3911560806822,16.379801129229236,22.052979489176817,central_interpolation
346.1834822025171,0.06462559514295285,37.794905215044956,2.2878643246698447,266.0077927874591,39.140349472731955,57.82738284247749,central_interpolation
94.25684399585677,0.08140390886769613,23.944373613750578,1.4682068456497899,237.39935153021165,24.244729484483933,29.000340336502983,central_interpolation
199.19894073487242,0.02983288608925263,23.813527263441966,2.2460111441553794,228.071620827147,25.002184755223148,43.05792366195022,central_interpolation
431.96813949205784,0.043393162104303745,21.952380742613,2.9584604285099494,169.20176229677736,24.28194287154791,59.993627321587624,central_interpolation
123.66598988582301,0.028064663336539925,35.59877013484496,1.7509026857488665,133.41492685578643,36.71520311126959,49.521284541306024,central_interpolation
108.89107033594212,0.09070151197425702,18.716985246377774,1.2447902709523584,217.77208929965826,19.249827251276063,24.393634158808997,sparse_high_flow
211.72112719914853,0.051551724357961445,18.215291206348237,1.8567032504099543,228.34946821577958,19.44937905372933,32.66570687535491,central_interpolation
287.023211183472,0.06604670165259988,18.517544407831892,2.271230132580022,267.1996461612523,19.351237494626915,35.25036579727849,central_interpolation
406.83454927306934,0.07649056406377225,28.993709010578733,1.946951493698882,268.9137194097393,30.211855740801326,50.42083356172742,central_interpolation
425.16408816638557,0.08593301562881878,36.077775523003965,2.157602515128507,219.46918341423344,37.02480338234399,58.28071022323477,central_interpolation
76.63754349620845,0.03369229484091274,20.00384737103729,1.9169700212506555,278.27180446890645,20.77522027899253,26.354855885694352,central_interpolation
102.78405038557379,0.0738692941602484,34.24436968768411,1.7790872422513013,250.92585422587263,34.7286992971786,39.94779477412194,central_interpolation
352.45727501521765,0.07940764258261439,20.920601883173664,2.2178909180965083,384.67583346055045,22.03352959544592,37.648862825051616,central_interpolation
153.51679824360411,0.026579148741605163,28.76787330266263,1.7002501501418623,212.855685086279,30.172585854292844,44.61588618004921,central_interpolation
388.45476526118296,0.07100770529169112,15.860602728584064,1.9883176418442534,133.65629981803983,17.37457751278307,42.8993086857896,central_interpolation
303.7708708901257,0.045847695235382666,25.532646959744014,1.9186306435382259,262.32913433449147,27.29715795591993,47.892384493286926,central_interpolation
92.78063691060902,0.06436159786263722,28.90961178342836,2.112138953311242,218.5021417398835,29.427693243531994,34.471734917088824,central_interpolation
368.4424514834327,0.05588503635044848,26.396795265980856,1.3335944276476048,252.245414115997,28.040276731009985,48.52717824502572,central_interpolation
117.45631535308901,0.039863761881458126,20.05400192873806,2.0631604219946293,206.2697883356058,20.705498078274175,29.151909871664103,central_interpolation
211.98698846496757,0.03201894580625112,32.60556015069321,2.21195451709618,275.193633449338,34.302251803605344,52.05619031045009,central_interpolation
261.2107351739437,0.03086767568462012,37.99413223174036,1.8469885153940973,177.12101441417445,40.138104257494106,64.25383621954589,central_interpolation
241.54305202320643,0.030009340035634977,24.757917033456387,1.7032518798909186,154.79019789983715,26.652142520981027,50.05816835501829,central_interpolation
312.45731522279505,0.0636807725284784,28.51328438527164,2.020881147908241,291.25175318353763,29.63274693298099,46.45811361069233,central_interpolation
299.65267608749014,0.045638883638170896,31.796281952343417,1.7699875488465115,286.27861791929104,33.534776778830185,53.02803863285478,central_interpolation
429.456067114481,0.03714790660696996,20.13164253821312,1.8724977732779995,244.96162164613287,23.14301511106918,55.95174457037118,central_interpolation
432.27888027825185,0.06708876084047188,33.36957061598669,2.0847138981334483,102.23914612353039,34.79643202275771,68.88740332447766,central_interpolation
247.54572150813266,0.06677152264328741,20.954269237837448,1.3146890776369906,285.6565301174389,21.800418433624923,34.373215340620895,central_interpolation
86.41365076253047,0.05746760241849085,31.486404574698824,1.3094477980177528,288.42449158215044,31.8982641576379,37.077695999964135,central_interpolation
328.4000618555348,0.0824023424625486,17.382108689061468,1.8975162026391403,292.55523534862334,18.407158822838003,33.27924000206301,central_interpolation
423.5740099178454,0.04778109658080954,21.12821744755111,1.848145542876479,194.24043222941322,23.16760896970545,52.202805479118375,central_interpolation
171.75984326810027,0.0866682864078114,26.33942359622219,2.274133160189715,223.17899469472422,27.095388696690765,35.648760045709174,sparse_high_flow
226.412398832872,0.028233782699728368,37.031049979134266,1.8143118361924415,392.25366147962876,39.010083743786275,58.314616910029585,central_interpolation
212.47717374191188,0.07010935892442578,33.071662670335286,1.8099083621802057,290.2427320134598,33.87536767234117,45.01193072692525,central_interpolation
69.66782661802549,0.09235948081271027,36.167704224820405,2.712697431267512,202.57099174280694,36.611735496334376,40.43363021094751,sparse_high_flow
307.1411449429676,0.07683568762613247,17.278230474527987,1.8135838155203414,282.1552239714536,18.16581058736882,33.669007192753526,central_interpolation
185.15166836368894,0.06001887731653374,20.766997822532037,1.6227748733400897,255.50587790475572,21.490687308895044,32.026784273921216,central_interpolation
351.20493204654963,0.06298626205261112,22.59896196724036,1.7575277226206512,251.2914638403321,23.742998357217925,43.30855418165585,central_interpolation
368.28592879535967,0.04575724161452765,25.177016165962605,2.0841027488649493,213.4542756932882,27.073927965941333,52.607387112218106,central_interpolation
364.1207758736759,0.06630756875026055,39.29455562765473,2.260666774157262,282.75673268362937,40.38306333214013,60.25276664268832,central_interpolation
209.37474425025414,0.0720349091404236,39.67751764544113,2.2535461513504282,209.99532661334254,40.48405083198322,51.873953713116855,central_interpolation
172.9912234571441,0.0863883943104248,31.37438518418337,2.1639800048056377,235.51963469962186,31.915760764086023,40.36378184615449,central_interpolation
336.4239482226485,0.05452516377102728,15.400596054556509,1.8958148076755454,323.78073517653445,16.83301263748039,35.99134053785309,central_interpolation
356.5314584448415,0.027362156143726862,24.669212412392742,2.2510542401671527,248.12215832166208,27.766928049273467,62.00994071697238,central_interpolation
237.90597324469755,0.06103905089605207,28.134069062686887,2.67834175116527,225.90215421932228,29.179393363253133,43.62630079821404,central_interpolation
391.5843649726359,0.09605369228608104,24.783406225726747,2.1828251531487117,290.6865141400597,25.586931631625454,42.963797675128525,sparse_high_flow
105.04507625004854,0.038920197744034934,39.66499015843766,2.1325772982960265,255.33892002880685,40.340380314831066,47.10630001791712,central_interpolation
386.24380821955225,0.04421313441226145,23.446324278426275,1.915073387259537,285.79576626733524,25.638195740714927,51.298066438386975,central_interpolation
86.75642661174459,0.06955488200834986,23.747683521506893,1.8698194928375809,265.3240306237648,23.778313969055734,29.00346784060376,central_interpolation
108.72351218588982,0.03507991180434553,18.988963352057375,1.9535102417474084,207.33798039519047,19.832102938672538,29.45739649576965,central_interpolation
254.19380507728982,0.033942435651068206,31.07152618250776,1.758218216320015,274.808950331553,32.60946786996264,53.00565905227654,central_interpolation
75.82581867168625,0.019584006104924855,21.829764453027632,1.9707683009395682,268.21398939747746,22.737071215557247,32.17462826086069,low_flow_boundary
70.19871628554222,0.0785141159902945,27.515979924583092,1.7258845898571438,254.09424811067743,27.555061891116395,31.19334359932533,central_interpolation
50.19841964338236,0.06719084173443182,25.959266345373813,1.7023675760163166,323.077452223692,26.3524297083214,28.608077048139943,central_interpolation
216.89112233305565,0.02601662733391047,33.64532543334826,2.2588993636848156,298.4907604571546,35.46330884200086,56.677594431249915,central_interpolation
346.2936345942779,0.025282415255201217,17.59281730208531,2.1136021163527356,257.91129772163566,20.617389997990035,55.09513214752103,central_interpolation
63.32566898206774,0.058696480677928535,17.428088925386028,2.479789262463047,291.9335012668543,17.705823839164374,21.04685330421904,central_interpolation
299.4885344731897,0.041299667281062796,21.381792968864083,2.6811528668765554,269.77407528555943,23.052082668757652,45.16117889423501,central_interpolation
364.8461989116913,0.01950560501978684,24.163318072673995,2.0423228088110443,265.91878385463656,28.406018369533715,70.71130251764764,low_flow_boundary
114.2603245810357,0.05088006306790081,21.344022785982965,2.234945465802999,237.5279613302781,21.959368954140643,29.563049621215637,central_interpolation
106.17537856918713,0.08166869142554603,31.21772550089893,2.0914280803663186,205.2032720740007,31.22957743170254,37.099209141520554,central_interpolation
379.25637240985503,0.04163196794256618,20.21189916607262,2.0614891987721022,282.5689068997044,22.23270268806117,48.82370720170461,central_interpolation
364.8451633059112,0.09731821057419618,16.801463283910202,1.9761227017830068,273.7528456133167,17.610782955180568,33.13751196975172,sparse_high_flow
256.1452255960515,0.02106744996050679,23.793245960038135,1.9074182183905146,268.88841289934567,26.818103993216685,54.82885366390206,low_flow_boundary
363.34395382994745,0.08371921365390231,31.434309872942784,2.119128268353027,294.8946721635235,32.66542674932905,49.4776123277961,central_interpolation
85.47919961486924,0.08528772047822619,33.07444130121826,2.2504295793013314,339.7493086234753,33.479286516051275,36.63013250857682,central_interpolation
200.88918061157355,0.07006170162803399,30.583578027721202,1.954854616112354,313.0574184403313,31.245564989391266,40.68425543667021,central_interpolation
332.2075652106876,0.05280838570850511,26.855091918119562,1.898914321027988,337.5324762115574,27.993817190980973,47.81097265929404,central_interpolation
148.47537444141597,0.03735958667761746,30.389073662170006,1.9568680834190255,290.2667284512247,31.397110173842094,41.78095418150392,central_interpolation
337.7658097708339,0.07468852943562178,29.479527625207055,1.955326380829833,143.6792914850594,30.78045890321275,51.95367514009236,central_interpolation
242.8483161794863,0.0698903081202624,19.980290940520042,2.294374864021097,227.0488834868969,20.99543752803834,34.95860372820224,central_interpolation
336.97674039019915,0.016526826793193915,26.703626459317867,1.7871330426261494,303.3021198131621,31.643991375342086,74.55266987777524,low_flow_boundary
227.73996148042858,0.051926563531907735,31.37544831856668,1.9155106695263548,321.10657369765994,32.24475545455742,46.0885855381164,central_interpolation
190.72341013484524,0.05265633308245746,21.738814064846686,1.7580595333228717,270.6576133614195,22.525293036542198,34.275045527551036,central_interpolation
133.83987530307687,0.07556386464828067,28.896929367734792,1.9584781548464334,189.98992974905036,29.610129890646377,37.66188098898739,central_interpolation
129.70509809889325,0.09465814860128544,25.231459084774468,1.8367861958183156,258.2563682011923,25.346290211185284,30.333107793443844,sparse_high_flow
337.44523504355897,0.06401955524302347,25.692125582581674,2.01668984121275,258.2032468243224,26.779139854342677,45.3639950731706,central_interpolation
95.4832081229899,0.06443912762148654,16.913669552870893,2.186828570913659,362.37319835298473,17.409031797433755,22.489287987683735,central_interpolation
82.88824891743651,0.017200340931448465,29.15711476273932,1.2586185043075406,191.41348099081011,30.243656528034517,40.28569115507255,low_flow_boundary
117.43144712096479,0.04691780936926064,33.39584950128355,1.847916742006334,233.73959797484244,33.81651226583238,42.339520109975254,central_interpolation
117.07004063112512,0.026376723982512486,18.005414870549586,2.136820544827022,205.09828668811076,19.294903049641757,30.79111381389,central_interpolation
364.83866572363917,0.0730772915561638,22.77974532209955,1.7788898144052423,282.94865555906364,24.04157068871207,41.86542201457623,central_interpolation
202.42878347888623,0.050778887555698274,16.034183415367742,1.069143326636463,243.64996769695347,16.929248488865152,28.627912045717242,central_interpolation
428.82358494038454,0.05110901649651713,15.629677576998311,2.073724794114161,249.2879636548597,17.46219991171859,44.72716377086343,central_interpolation
102.48330610490925,0.03895744469081848,36.03024305427456,2.0665694198731615,212.51508238833352,36.96579348979743,44.41214351846263,central_interpolation
299.9789833278186,0.036693918731944025,25.486269551510674,2.2038725743137086,280.33994620648525,27.435580494056595,50.62627661801118,central_interpolation
221.63903650447836,0.014371664533256116,22.554779145998985,1.7816433871000648,220.33033633398313,26.448550870676907,57.749879994349634,low_flow_boundary
200.2912025866308,0.03815083995783157,20.841137878281653,1.8169031027069136,173.14963581294919,22.229359083710683,38.790113254747844,central_interpolation
384.7197061381865,0.02754515764862426,35.825268705080376,1.991581702260683,280.6238992357493,39.08370120757566,74.4999776864613,combined_thermal_extreme
423.16533452936284,0.0718529672067966,20.360329192335776,1.726487089335384,246.20046461921675,21.69029749230777,43.89708633362311,central_interpolation
435.1084909133147,0.04721757436760106,30.421303409427047,1.9493565185610238,288.80371019198174,32.83962884414084,59.971344914441026,sparse_high_heat
123.55500973093838,0.04745484178565618,21.029859535876092,2.1729314251998337,223.83828730786206,21.871223130009636,29.48057342700177,central_interpolation
134.45520486241728,0.01142097751607208,16.49790198883453,1.7892286363903989,269.3709546959294,19.028751828180393,41.52659333608232,low_flow_boundary
300.94825875386175,0.07484782387470991,29.519628058506253,1.9759692421619148,360.12904464415334,30.562630624902265,45.47607638295474,central_interpolation
160.57446997660833,0.043712724444208484,15.034655512134629,1.55026151065268,254.46522734982798,15.894018295204456,27.08093665331441,central_interpolation
331.0323625235718,0.07125628130924366,29.359655870662102,2.0035520080549185,267.29655087795936,30.31446597018029,47.236748999368764,central_interpolation
266.65589893468905,0.08269132496911122,20.32050272853374,2.503813949480434,240.39039936409077,21.130121620745776,34.72630463751707,central_interpolation
260.72260394757916,0.06513469634326235,30.854714931519403,2.035276150234501,272.6203605752922,31.608515768797613,46.13771903337544,central_interpolation
366.91919875083556,0.05069590811415255,31.357191056201298,2.1558911428192506,286.79866508713565,33.01623593955918,55.38598746186695,central_interpolation
321.7787851915743,0.07061075255823987,30.38727882487268,1.7882983296115664,268.27500103454764,31.356155425420823,48.32779975168209,central_interpolation
60.16599511146407,0.01897264257750396,15.520273131186721,2.106412777469065,289.2335840242881,16.202876686125204,23.326362348889376,low_flow_boundary
68.918119958351,0.049608918079812866,29.95440316743008,1.937460085943462,174.105951434928,30.275556319730082,35.145929986270474,central_interpolation
280.096108064426,0.056592839305079044,36.040594298684965,2.6123349935120603,256.94236964058666,37.07061014682953,54.508881699629676,central_interpolation
235.96846892552037,0.043516507092985504,20.155789081169488,2.08537608876153,232.41646492982397,21.687156477232065,38.74475311276199,central_interpolation
149.5206306686942,0.09793280174203782,20.827569659788445,2.2076302983070892,268.8664742047407,21.266294017787935,27.428089444874743,sparse_high_flow
210.13595339791163,0.0496356763481484,32.28743917858647,2.7081675309505346,224.65073872954002,33.56798694831869,47.18790327568806,central_interpolation
339.90069691531914,0.03130298351114602,37.089753968846125,2.1499898744499912,263.1684603516038,39.65972481238299,69.000289247685,central_interpolation
366.1788928816582,0.04935781283399314,29.03740310447172,1.9291931353991485,225.97352985387246,30.727388442073632,54.129344187558466,central_interpolation
264.6678234679419,0.05858682443644737,31.04431052188729,2.5921341992034335,253.9698203249518,32.38727292998473,48.027136740333695,central_interpolation
197.4038264278419,0.08213480441595575,15.78966406366134,1.8486068004140974,210.3768490110457,16.277110055285725,26.89903736525694,central_interpolation
446.5398699753211,0.025782006855854127,26.767444503136055,1.7932397997392437,289.5426983385478,30.878260636607695,72.69906848672811,combined_thermal_extreme
249.63381506923946,0.06265187960962249,27.237391743887514,1.1965691402844942,369.4185467674817,28.297252298618233,40.326256954175264,central_interpolation
170.39172910087575,0.052337316758954866,21.448161569575625,2.117370616972486,216.47473818699046,22.04024878163914,33.620890755023844,central_interpolation
265.7663899205628,0.02477645107686077,33.62232422469724,2.9540127360319848,242.16491772096154,36.291505800298076,65.69134242974431,central_interpolation
308.8195363099364,0.03922153508413938,18.45843153512195,1.9618153684595385,216.30500525163498,20.42689963712745,43.73161358536626,central_interpolation
75.27529817666853,0.0309645708983525,22.739137576999536,1.9667929821748373,293.23860212546066,23.510285005398647,29.77170436614905,central_interpolation
50.40830537120082,0.03715803118108102,33.03420960188075,1.8295874894476776,243.18739305543033,33.49179474649343,37.01962623540557,central_interpolation
467.5267383678782,0.040797925338037846,19.05115857787734,2.0390296677512785,253.02494671611146,21.983750027327506,56.07033170765671,sparse_high_heat
487.17099971002875,0.04878229912907837,32.45420039696309,1.0294948938026576,236.5707214863893,34.82335967970287,63.820866353721705,sparse_high_heat
438.51033534256607,0.05682948178980009,16.680220019069058,2.005849503991148,308.2926799888647,18.39416569644714,43.97024100237466,sparse_high_heat
115.77483461591125,0.010453734584014388,25.396117677787288,1.7680589068195995,293.62245413750975,28.358333026288292,48.025274774117655,low_flow_boundary
390.5259653975342,0.03369776971961067,16.600776576971196,1.9913254453130824,248.98184362302726,19.140304138241515,51.827683801823945,combined_thermal_extreme
229.75814715990754,0.029394682293354443,29.40545118255718,1.886959432925334,205.79415332240376,31.058726188244645,52.575610215514395,central_interpolation
232.10509692958772,0.05812942415355286,31.800281642431504,1.9713477752489208,226.82747772255675,32.8389213814889,46.71302573235997,central_interpolation
459.1783391287254,0.04423171683528,33.05949415024456,1.9602496156659044,293.0609347430654,35.78322316390333,66.24721798141968,sparse_high_heat
72.75365976012756,0.05804905737018724,35.851822828309764,2.2447598736911556,294.0160762069659,36.17966142049229,40.430952461018755,central_interpolation
132.30569004548482,0.0374748680370047,29.28033409886622,1.9939613599738775,223.94437807945351,30.27364050834692,40.61361728026459,central_interpolation
274.05753187168136,0.025026449307517847,31.34256566910043,2.1910993423261242,338.21167139314866,33.65922863813575,60.317477080881766,central_interpolation
124.77358991511656,0.08280611478002556,25.747363414328248,1.8353914357470291,288.37107422415284,26.03239730212283,31.51247558033395,central_interpolation
309.9190810224264,0.030323411634906622,34.395659150098936,1.9112496767805551,383.1083494974744,36.55614738020985,61.84685816780039,central_interpolation
482.92761654251734,0.03149210112158816,28.67986562173858,2.193676075859237,216.33286313377937,32.460300602911666,74.7107123744219,combined_thermal_extreme
87.92754125404649,0.03273245007013885,33.77546738284104,1.9524486768928961,278.67953712783924,34.185105071831984,41.894116024476325,central_interpolation
129.1718235626212,0.08532042101157618,20.00335536154497,2.5850230186335246,289.561748884202,20.17335510854511,25.95038129190508,central_interpolation
211.6957681090638,0.06241259513070976,25.555677840258866,2.2029002204656374,340.7522587768024,26.44307205412647,37.48213354604013,central_interpolation
117.37289943370305,0.06194826695734259,37.41527600416171,1.6637882797018069,246.64409517353417,38.02717560531422,44.61520087691053,central_interpolation
101.51969953318034,0.08566198669566737,19.30783728445702,2.197139584594316,220.06198830245893,19.56710711873903,25.02475492574573,central_interpolation
379.05782147874487,0.02907164246430325,19.490970606817037,1.806360246570169,235.52260063656774,22.691343125900417,55.70641384353769,combined_thermal_extreme
172.55193037597024,0.013721073189625472,35.783408233619795,1.7223236229400636,385.24355297730494,38.86830188378843,62.82480115605346,low_flow_boundary
187.990197593232,0.036352828232904574,24.235470165665628,2.1750128871063894,228.80918752156845,25.438528199940528,40.775976890639946,central_interpolation
71.14093163421957,0.06275350472440824,18.863578374630148,1.8002229244647718,257.3724499814002,18.970193552876317,23.05724530070776,central_interpolation
186.6938809895357,0.049965264614075876,22.043607492107004,1.7242450616948966,209.01429405892617,23.020953094368895,35.75363760555722,central_interpolation
151.28874532550424,0.04768896424906223,23.44424315065092,2.262537392543957,282.30714966568036,24.29406841432602,33.767323945244186,central_interpolation
283.5105382582341,0.08216832969420615,36.85233540553576,2.2781128184355057,211.97073199786945,37.810701531369936,51.666288004769854,central_interpolation
128.56178885969555,0.032901346891736155,34.61406150476474,2.0697543749614966,106.77319688346877,35.5943385462858,49.35357808028081,central_interpolation
457.5791665674294,0.08631534769780336,35.96503911334443,1.927182363612376,245.69078131846112,37.05618772503393,58.64600202579551,sparse_high_heat
405.5974825017298,0.04738487884876756,28.84859862686114,1.1212299500150038,288.839919401858,30.99697514989464,53.82080451182184,central_interpolation
445.24645838210563,0.06437281894497893,37.40200425112118,1.8228319756012474,222.91448760565805,39.05413444681051,64.17817378511927,sparse_high_heat
91.08163078038078,0.08447812408345169,21.83886985605252,1.957635396457809,221.17138138416715,22.024024515313666,27.116270053188256,central_interpolation
94.1123625774529,0.027128866173875412,33.21462015328592,1.0169230381786618,272.3842679711049,33.999160021927324,41.27309473424014,central_interpolation
286.98524053869437,0.081640454864287,19.628214623431692,2.247619994445009,270.31475257903185,20.36443553984569,35.24622436704038,central_interpolation
96.65312881018076,0.05927211727732363,17.260588797858063,2.251866449217364,267.9263593443519,17.783468094721925,22.923369658118673,central_interpolation
376.0362366083269,0.0678770033755795,35.68168978957508,1.1897240602223766,207.35144045551428,36.792423415754676,57.02909624985808,central_interpolation
338.5088544637439,0.032898603584839946,33.36294688243631,1.766444084163615,178.00398389586903,35.67198888954428,65.0085275456814,central_interpolation
363.5768882760442,0.05710340814235503,21.452459108935333,1.1968191882400936,280.59056600688695,22.92416349274366,42.30392791261629,central_interpolation
251.21815153390298,0.06593136402769034,29.347377723097296,2.2217795547875,286.51887611117996,30.499688345270286,43.63570699780462,central_interpolation
431.2290334060762,0.011272103170022354,37.49802014545975,2.230949397910689,259.19754286589637,46.79527031849198,121.38577372641423,combined_thermal_extreme
66.89697687614168,0.03326406622068157,21.866474380591256,2.0517304619250263,231.63249448643305,22.10078026555917,29.094546666204522,central_interpolation
203.48384880118834,0.03887950173039133,21.093951978656264,1.9109266003462841,147.044470697331,22.546941944357673,39.50319017090334,central_interpolation
173.90577586864583,0.012574816623856695,17.890583210944264,2.122657420130047,290.1899399216429,21.39679147313223,48.542681229856164,low_flow_boundary
412.8569032575852,0.091987779750856,26.673009248361584,2.3838429512048354,270.4979750967891,27.56909414226281,46.95536675847998,sparse_high_flow
270.6493166253293,0.06815831094177119,24.49017966499704,2.2030189325618506,216.41795060216538,25.060573529854064,41.56318306864053,central_interpolation
358.3680442826074,0.08646157230041518,25.883961431373816,1.744777778701587,275.22041346796107,26.86329171233154,43.39546598269594,central_interpolation
115.15550657438347,0.01862286732411464,19.576339808937345,1.0336522740248968,257.41331366362493,21.22190223888305,32.84878970186,low_flow_boundary
424.3275600419179,0.033645878017656214,34.945476753931516,1.722400851706495,235.00261302613794,38.19696499030644,72.29920819269582,combined_thermal_extreme
240.72962668019056,0.06597109095626746,28.570062922024007,1.5419669628314618,240.74255017596386,29.31115811406535,41.49421511070019,central_interpolation
238.82956917352203,0.02727942257887694,38.624146513992386,1.9767894510386177,270.28640593173566,40.978423292292135,63.093676518263905,central_interpolation
421.36340866874474,0.060656768982919114,17.322012278196052,2.5547854625752557,208.47940669225892,18.647326488185094,44.71965727967603,central_interpolation
195.63012816555798,0.06659200652434653,28.235583024443713,2.056231224203918,260.3156440174822,28.882177129912392,39.16661737893476,central_interpolation
202.0533218922848,0.060553219931186425,33.051063646188425,2.819954213034237,268.9449546983564,33.78561273412194,45.82617126626174,central_interpolation
273.66790882288825,0.09795842314831643,22.032066571057417,1.721233725417787,222.5837497575368,22.872311994707403,35.28920381180166,sparse_high_flow
98.9801235345285,0.018484434507766396,19.146792344139712,1.8766731924751632,289.98173376182945,20.620749931815975,31.982907392476974,low_flow_boundary
172.8152521025345,0.060940548964870694,20.631702748369417,1.1629679602769327,237.0555494291869,21.452285104929878,31.17492180158233,central_interpolation
123.90218333526242,0.03658114184191694,20.79984169343323,2.09385027419644,242.7437281369223,21.406396963055677,31.639827886959015,central_interpolation
89.50593075844648,0.05897753924586192,24.50297800462512,2.149953296900455,267.86629310810383,24.994919215962103,30.295223131309598,central_interpolation
381.30031192161516,0.07906015467975244,21.926726559060796,1.7355986994349804,100.56245436197587,23.155236177620964,50.14508921248253,central_interpolation
275.41917104375955,0.06551049699849834,20.764574045044817,2.5974574784569757,244.61078532452612,21.518236492948187,38.251189454460345,central_interpolation
187.19234275942603,0.05322286496581237,28.78088634110918,2.7703408665454674,354.5264064006095,29.311049607941968,40.58527369075921,central_interpolation
206.31603684276766,0.04375979848077542,16.126937898027546,1.9337275749198488,286.25454768148404,17.40894761259518,31.776399772510352,central_interpolation
215.05601891041314,0.02891083119456709,22.232730285469263,1.7519835153771899,277.0255254980877,23.982733280077063,43.42118918948765,central_interpolation
292.17956217035135,0.038911509363818805,36.961173930805465,2.2031779900189115,279.1833108959296,38.56219047513128,60.62560380576893,central_interpolation
445.69596834926966,0.024204765444473243,18.736807172221376,2.0364372717954584,228.25675677105818,23.104425814552943,69.5009813976307,combined_thermal_extreme
406.7882045187958,0.08565743280407276,19.69471707202439,2.002799166708303,242.74630143678738,20.88382211850123,39.08382074717633,central_interpolation
199.74568217047874,0.03751638188411062,19.264165790024496,1.827320541387439,254.84372274886533,20.523650599591925,35.41746695871527,central_interpolation
175.94289079614686,0.07483718438917847,15.019679768042355,1.9007034559644023,208.97717372453346,15.348518002918594,25.475851582164562,central_interpolation
222.52528632086006,0.03412462755371365,25.06756472642092,2.234467571886017,208.5776463326585,26.908200144929864,46.072807429745524,central_interpolation
267.23484313889844,0.041366872425151156,15.827874275092618,2.1318127286387623,234.111708197358,17.521774332514017,36.576955846934425,central_interpolation
226.6453511295287,0.0498514711113871,20.79997100021663,2.257116881511343,230.4336470236913,21.83576387947713,36.90807806894473,central_interpolation
301.9731792548881,0.09333738969172813,36.1395727725794,1.486710507840554,142.04753028338592,36.86819111405677,52.73315440268199,sparse_high_flow
262.05762644275956,0.07379610120387126,34.51591949204387,2.2946178830156416,230.5041338878058,35.418171303950295,49.61083749053936,central_interpolation
172.67369661048411,0.08383468470497166,19.570360923322102,1.7790060512222945,231.37475710152398,19.892960905932156,27.679191962876924,central_interpolation
182.24203320420696,0.08951098772797698,21.58755167817107,1.0879433364458906,259.4342102268543,22.122330086419122,30.204038181671372,sparse_high_flow
194.81174124159708,0.03317540561770866,24.85372237320672,2.1826966129685017,257.5208789710057,26.056925122620036,42.94796734153644,central_interpolation
86.19971135539117,0.015684241325442112,32.94378786650893,2.086624116907092,228.0140578241688,34.24614226777268,46.01658027936543,low_flow_boundary
113.51895689834473,0.032820655538196825,32.05622625460319,2.1821656437897117,223.57818489158868,32.707210400097175,42.87442071608673,central_interpolation
326.5910293206102,0.08104300971341238,17.682630527033496,2.819738981124998,245.85318804665022,18.477614592585233,35.38941663323439,central_interpolation
198.8294921571956,0.05612635026712044,17.644538027402483,2.3557760510406514,291.2208131488567,18.737677782777652,30.349825149145037,central_interpolation
132.06115700425494,0.04469200854757252,23.85556039524845,1.9997452270150633,257.3687321056839,24.570348861082543,33.094081683983525,central_interpolation
265.22219704488293,0.0992459662299163,33.48952702929266,1.6344971957894687,113.0570746201188,34.15904520755649,50.87117218953226,sparse_high_flow
338.99387499608594,0.024243972555277292,33.74430623077943,1.7970976069016231,256.67231261304596,36.78292517229152,69.92795711480939,central_interpolation
148.46405359710457,0.039120660474635735,17.281524305838765,2.1335172933999442,284.7085104316422,18.098574453430963,28.326641561869035,central_interpolation
366.24712983583225,0.01121732168260813,27.203817369267973,1.7533202985081437,261.15225460852906,35.07284165652205,96.18909240127549,combined_thermal_extreme
404.7706088065815,0.07372751811315034,18.30809793890865,2.285776648579934,292.6270389623221,19.648754123803645,39.79284574255706,central_interpolation
278.50340737074407,0.08459700358829533,29.580247837559135,2.209169297774382,283.42177750138546,30.04360276554254,43.42867772853167,central_interpolation
305.87247956427916,0.029847975830646502,39.697738466379036,1.9096378550494397,361.45369662332945,42.17689304044179,67.16001827812927,central_interpolation
70.11031629856868,0.06080726084085718,24.663847465106365,2.12565248515952,236.9526795360884,24.99427144567825,29.80258168933904,central_interpolation
411.6613583158792,0.03970047986393893,16.765508962206095,2.664136814896051,236.02967223236536,19.435182292283482,51.509915936261145,central_interpolation
200.125410856341,0.057705327463661665,27.309151662759092,2.2075694008717273,240.2362973572118,28.039356674159656,40.335663576855055,central_interpolation
403.39190320862696,0.04368865779049767,23.68097924038691,2.2712190191319346,254.7695608276926,25.5504339789809,54.46338878800316,central_interpolation
460.1782931167621,0.041358329665331525,32.231598487096655,1.791616216099866,225.9261369606705,34.740137575700174,68.55670715371691,sparse_high_heat
51.76669055757281,0.059652254027549645,22.232319858435737,1.9516601186989158,225.0110663002389,22.27507204407848,25.744456478004473,central_interpolation
64.74231474121416,0.03504904419778104,33.59156551004252,2.0034986579339154,123.09633175990268,34.14335039396165,40.43655801720219,central_interpolation
310.26019316874516,0.05305540652924336,20.816133662239178,2.639496979995677,331.8484709587555,21.80562568890686,41.336062976237784,central_interpolation
265.2205152907144,0.0645011726977742,18.347249762634576,1.7838193533327082,298.04632563492044,19.26228755355803,32.34092158253722,central_interpolation
60.14865723132344,0.03157547061051666,21.512708018019822,1.6970113571915413,292.85050660362606,22.18164594997304,26.090748267355714,central_interpolation
464.8606525493976,0.08212743906524496,15.741960576233364,2.0601958352106298,223.21738905296326,17.095224858049995,40.587703126410034,sparse_high_heat
375.945591428962,0.05536065606560986,20.976476796077627,1.8385406116468261,240.35732366712827,22.73319957485338,45.164601857770336,central_interpolation
239.87968703303542,0.07513026222871355,29.027499719993152,2.1659772517571083,294.83133183076654,29.543974926881425,41.777703577328424,central_interpolation
228.15222093665002,0.064696042129127,18.023513294327586,2.2191442100429013,267.1007868398997,18.62567190736559,31.43743571291704,central_interpolation
52.093464129245014,0.06823005929702036,36.63662301281991,1.7659415069890314,258.30506723398173,37.0346024230203,39.767390729061866,central_interpolation
350.89351502880174,0.0686162492825488,17.813187439154945,1.9293728353889625,253.56814462612124,19.050026336945084,37.11246445908932,central_interpolation
176.4988955303853,0.07863129351487277,36.27579254137875,1.810572237340934,211.7959342122631,36.82750905394263,45.95277721555808,central_interpolation
386.1270845668214,0.062157142407956216,33.58600250166246,2.2079237587540232,228.0742005206683,34.902300424371305,57.26653645231483,central_interpolation
192.6956747409553,0.04102768055844755,35.062446204301224,2.9542238409221664,223.14911878629653,36.199571008009805,51.55084316165412,central_interpolation
266.14230081624487,0.0297691075005238,15.989424474236708,1.9418292696021626,256.4500667135231,17.953276234425346,40.678195508786786,central_interpolation
153.40573398624278,0.061693789025358915,31.15152535780023,1.8498948041910908,253.55503089896584,31.923575730252573,40.4516746686996,central_interpolation
111.42502956373139,0.027680226637546608,30.664474617740453,1.9621068195137805,240.27227865890006,32.03529226336638,41.40457775579595,central_interpolation
346.402273043358,0.038701487456440406,36.18432527296336,2.274567395553045,227.91982222248035,38.39514364210145,65.2004655985299,central_interpolation
239.94585815870272,0.027324552629920437,39.4560442323645,2.0055255738461724,272.9789786801036,41.45858726395661,64.02949710669503,central_interpolation
255.2066308352359,0.058079918107413725,21.067066073421344,1.981693719019916,250.86107659854957,21.736721040240077,37.158293780075425,central_interpolation
419.2716022067638,0.03360130187140069,24.62799506720883,2.1477642881001855,260.90159091620285,27.356175432297572,61.39131355423174,combined_thermal_extreme
490.67247320258093,0.061955661124308815,33.2022225144203,1.927428242499144,115.17832386973097,35.32740971868561,71.62980502072841,sparse_high_heat
377.2831115511693,0.09021210679680107,30.482614903930347,2.0327788470563495,288.57432744005496,31.327323145323255,47.52730444839217,sparse_high_flow
121.76055448262534,0.07527848540862733,25.022006046809434,1.9021686389429713,238.65051053867765,25.352780283251164,30.964232180768917,central_interpolation
277.30930557035435,0.04300124101267053,20.196960419824805,1.7905518531976348,189.68732926537626,21.83583922492221,42.308776143712905,central_interpolation
385.89138993074306,0.01585054787220201,30.449084501952886,1.770344057832043,396.3682520687121,36.48739032259788,85.12965751822226,combined_thermal_extreme
193.23245569171868,0.058969677885440615,33.15869594589667,2.2238185483301742,298.65774673842276,33.91156020882682,45.045209530105666,central_interpolation
88.67310847036126,0.05329189247571249,23.49896366018418,2.243355589545659,225.6802496251966,23.835758534535618,29.862558767500342,central_interpolation
360.1933101067701,0.0868537200365352,29.207440723695914,2.2284817628226676,166.70893088213592,30.208897179368325,50.2849461206642,sparse_high_flow
234.27455839603064,0.036735488800882614,23.50450545000271,1.9710702814627956,323.56280857007005,24.933851437038108,42.141957447886014,central_interpolation
265.8802002373858,0.08519232409396804,25.16798556050655,1.8704397153219177,288.2133297986784,25.827479044435794,37.447570876171504,central_interpolation
425.6701933415755,0.029679029106728743,26.154345574041916,1.7898670862570725,286.35297391702477,29.642419234592182,65.53365413694176,combined_thermal_extreme
282.2583721639826,0.08977609957989285,31.484173547973406,2.2728229471436188,251.7233727927029,32.263048447965275,44.96787044057002,sparse_high_flow
212.55461501728377,0.060928047177924834,35.77200216273978,2.1362303889011627,261.2268014008481,36.925144033533115,48.386597453161414,central_interpolation
191.51902070155316,0.0389258490732041,24.442780956062435,1.9969091369540939,224.15317451812615,25.683978257746766,40.291049894979686,central_interpolation
209.73937944017246,0.07047752504159889,22.274193882761626,2.113285144708069,245.315269418325,23.157801066393848,34.13620949739847,central_interpolation
95.28764931584081,0.028822296427655533,22.938808887538315,2.0958799012262332,223.24330248278312,23.567900979624532,33.810670602948726,central_interpolation
353.9920885947212,0.07228832357027334,17.84514272422261,1.7098240760163907,206.97790110469177,19.093755541577902,37.62695010404478,central_interpolation
370.4266982565432,0.060669069001309854,21.30994817862661,2.1579294523832924,178.0870929118574,22.660099354034646,46.57215245714855,central_interpolation
158.78190397432888,0.0304772700589733,16.837007531962133,2.445813203929872,228.32318641391845,18.140913832860996,32.06988926345595,central_interpolation
166.2022065418036,0.028508850474819325,24.092753092559,1.8641639110792905,258.37974780080515,25.588731178639236,40.173094282018404,central_interpolation
475.8520382533396,0.09145028207697527,18.55634197285979,1.9999289988377547,232.02253451840767,19.806869616430074,42.06048185607002,sparse_high_flow
59.16866098944296,0.04195496210974174,22.361143351956184,1.896906766763283,148.7110311538886,23.059148550319062,27.859488831485415,central_interpolation
249.0749722409646,0.07952601659833444,31.863527174571633,2.265658755612688,240.79854027240472,32.82593091611124,45.08770044077447,central_interpolation
227.35596086567415,0.07151060032490109,20.22596257501914,2.004779506069977,235.1542058192282,21.16206497275842,33.020038577212304,central_interpolation
313.97348936376085,0.06748598541721612,28.002760703518966,1.7613258554032818,262.3659783405942,29.228828633382516,45.32801005010132,central_interpolation
112.49732530716634,0.04105218131590741,34.15010515903302,1.9089177308929177,146.3544700702862,35.06925560720987,43.57870638950939,central_interpolation
305.6365083541463,0.09124322072440506,27.04724522437787,2.08364419417496,243.57711850056097,27.63191245455675,41.818876450854546,sparse_high_flow
194.10075801214023,0.09358301137748821,19.11809302141377,1.7682887730504862,292.5994051648839,19.81912103657365,27.65601787279635,sparse_high_flow
286.6584026498881,0.029268269565345843,22.32628162177653,2.2339464987536095,318.7789837494197,24.517339319570386,49.82764307961559,central_interpolation
65.3363412763368,0.04404824644622466,27.545345652661403,2.2215246864982965,259.6422575518908,27.8150403185373,32.68002356846117,central_interpolation
226.61065292307484,0.03828435272408043,25.765486719896884,1.12169374539202,226.33934666190308,27.263729382021342,42.99877547458335,central_interpolation
249.76096694825733,0.048274758467242,18.158171520884206,1.9595470579748924,210.66286353094426,19.57911687322228,36.33103509246581,central_interpolation
131.9798490920324,0.07026695725579862,24.494422324674588,2.3107098362302922,292.8430762866152,24.770087055326396,31.056134836255683,central_interpolation
479.10213192979637,0.05337728262979935,26.54016726684278,2.009944434317374,256.65829575498424,28.607520723403645,58.269113955083526,sparse_high_heat
122.09142090220529,0.059456028185575514,20.680820182223414,2.1212330374571495,242.29724761823937,21.1860076177112,28.09213237741702,central_interpolation
181.63396235923062,0.04329175794893557,28.014467200971854,1.9060522285732833,120.94182981136919,28.98880048694403,45.01144031441334,central_interpolation
87.02988210915157,0.03240122382648734,16.49090211406071,2.4385059814159025,134.51284460866077,17.260671045451137,26.393329547057267,central_interpolation
412.3498218665737,0.04031681988307689,22.152899463267232,2.2839991458196267,290.15406020607315,25.111608430637844,54.37473330497692,central_interpolation
204.9102285221501,0.09842221290748497,32.09088269652346,2.122290645212214,271.33483056164766,32.6511412996975,41.03950843288356,sparse_high_flow
359.4308729588315,0.01476205577008696,20.509802019298302,1.8705792106469104,287.87930677637473,26.2161240666912,75.91212057657027,low_flow_boundary
422.71454958913387,0.04731328641142572,27.860008062565413,2.516511564009722,229.11701870111222,29.799877971529725,59.7962067920186,central_interpolation
80.88124460104771,0.07326407684934202,23.71313141634413,1.8776527511927588,305.79971811154405,23.928072105710555,27.74648854702156,central_interpolation
299.26357148513523,0.027560818244659252,21.724778026323996,2.225435450999865,267.82870375144705,24.1776960563792,52.11772152750685,central_interpolation
383.31397567851434,0.09044656606598094,34.46779836808807,1.8748341039175702,153.4116725089786,35.55035697065554,57.0813957366616,sparse_high_flow
292.59467099227356,0.03799649870561238,22.29431150920815,1.9776926807343413,290.4426745260087,24.20171563566,45.79815740966854,central_interpolation
214.10249141921037,0.08557796741659798,38.88913677912269,2.123442832545339,263.9999601149979,39.41733027242218,49.40884821690532,central_interpolation
214.8867067965114,0.0679842106907439,34.32265295735575,2.2231939182343314,225.77745951560735,35.37549237788165,46.510029279269624,central_interpolation
63.73132389781478,0.062420513992478915,30.851317563636066,2.0951426974076623,223.7937040856886,30.984908651454408,35.01383478169599,central_interpolation
254.4847873681478,0.023814052813551794,29.488243916086695,2.1518655179206534,288.14875352083794,32.02320272356823,57.585338866562445,central_interpolation
430.03019627096916,0.03511153013166102,16.05261751892111,1.8039960777775732,317.9763718651501,19.07432787187989,51.223663045836226,combined_thermal_extreme
416.7056286842648,0.06353910145730393,17.788105415210236,2.226444696614683,380.82894019916495,19.48862530288334,40.749783717498396,central_interpolation
65.45270503212741,0.047422317568344946,28.564724230955335,1.8654315101708663,214.92026843612427,29.086080944638855,32.59122937308435,central_interpolation
319.9673538882792,0.09353040320744878,19.45044777618303,2.6925217268249186,280.3150943606324,20.331969820321973,34.84301604266463,sparse_high_flow
165.42506151157602,0.07167762580593075,19.79480719464513,2.2857465742044014,251.80443807946796,20.503782788658604,29.33336916771806,central_interpolation
395.3933511778473,0.05168519658665956,31.55669345105173,1.8209839552724965,158.83900589283516,33.2844549137819,61.757099387253874,central_interpolation
498.8516340786737,0.07071944358491103,21.07590516278503,1.7819911820467857,238.55879243871527,22.89874718455454,48.97565649743492,sparse_high_heat
407.9718440192383,0.08495047240105197,16.521230170728217,2.075612540061072,210.32262898052437,17.804208306583007,37.63943010564484,central_interpolation
370.33447199882465,0.05254179195619265,15.77417888033455,1.891317889697657,291.21751972076464,17.684910058897508,39.98016756907522,central_interpolation
94.94542621162009,0.0639791309369776,24.417532228962365,1.7496062416348945,294.5138496197634,24.52178335854977,29.879537507916485,central_interpolation
72.88280902386694,0.0813758707488616,28.113982275798726,2.0606726703295255,303.863156585232,28.191863646171836,31.205680998945766,central_interpolation
460.29943222031574,0.03916650370827891,33.46381120957581,2.1553911363333413,202.9245050638193,36.39482531399344,72.29883561481354,sparse_high_heat
109.57730914777662,0.07935314856097553,17.354593394443583,2.1759190245242936,220.0953661865408,17.286769678176885,23.490862544992734,central_interpolation
254.59854351327047,0.029645316526697905,19.179297558626295,1.7933075606073634,218.9216004692718,21.304735845746386,44.23103540097961,central_interpolation
400.2724081386064,0.06435223474702173,26.25826298178376,2.0341202407639654,211.58006560082544,27.90314464258943,50.94018709636094,central_interpolation
267.04890343261616,0.0728188037685144,22.737302697641972,2.1882070224088763,240.21424668257356,23.52693502169012,38.11193307512558,central_interpolation
201.94173781335522,0.06222019181290284,25.253920838966764,1.796652206854511,209.70720251634393,25.964738283490576,37.15231175757206,central_interpolation
220.21864098165202,0.05471869266161021,37.58259951383499,1.6540753845067622,114.78632391571642,38.382912170389204,55.277096196476116,central_interpolation
74.14231779423066,0.06239286729531822,26.578947644624602,1.7014468384590065,217.45513857847013,26.784593742311184,30.294121268128183,central_interpolation
420.5477629208116,0.03305481365310501,23.821312975506615,2.014780493837173,270.74750160156617,26.786782426103535,60.79798503949511,combined_thermal_extreme
168.82522579351416,0.01972619856355532,36.025598017369575,1.8168090181171705,280.0026384402767,37.967707604221374,57.655237658847476,low_flow_boundary
122.43153556486659,0.04050365866924954,16.38583298536515,2.1345455454361395,266.9033885016659,16.99728537060235,26.8148631569322,central_interpolation
159.4130929539512,0.061160098459692405,34.807410777887405,2.428684202989039,223.04447371925403,35.38942811902637,45.191498434888395,central_interpolation
418.87274704599065,0.05133976764593944,25.660314143891515,1.825253293399442,274.016337361716,27.56692543146072,52.81965776054617,central_interpolation
86.06441545916269,0.03890197807660789,25.704822177551684,2.0894582070581196,227.45501773299475,26.514451360858754,32.75083407407409,central_interpolation
381.74341299170186,0.09109187587479448,34.5917421018182,1.8271006768751068,190.70160860574953,35.53374941704487,54.99995227201664,sparse_high_flow
320.75028960855377,0.047057075938473074,25.780634566352727,2.1636097182808918,256.06578174067516,27.460588867190754,48.24489684360917,central_interpolation
367.48233602832823,0.05159999831148314,24.316150673765662,2.155132516528751,238.00412646620887,25.93094429933169,49.47383116339307,central_interpolation
423.28080919072033,0.049311167822586655,20.79038258249048,2.263603092703633,212.5143140214452,22.752557918548135,52.50260137562283,central_interpolation
372.1241557352035,0.034962406182435415,28.99985629487019,2.2680721169087916,371.6755305850396,31.28685505488582,59.50246013805658,combined_thermal_extreme
410.8437493637787,0.0695925019721047,27.104958183319933,2.0205715292860433,289.56876287184025,28.27956462358808,49.1365201037112,central_interpolation
98.55273572252682,0.05175287052293805,19.55484053514039,2.1110458142116704,264.9326002000574,19.828710779066096,26.167479618634474,central_interpolation
354.38912617636606,0.024524197923241262,30.075024445053153,1.9698646650783667,223.34179605279257,33.554702685974576,69.79339163718468,central_interpolation
258.7209529860008,0.08423286324866722,28.68684571840361,1.8217350768836098,359.3996014093277,29.582026329267983,40.128273547173386,central_interpolation
257.88706511804673,0.07489310753051107,23.443345039388994,2.2268175636119443,252.59780305683748,23.997944942598245,37.59579000923738,central_interpolation
393.8375029425965,0.06908423930778361,15.09351959045045,2.545386046407709,270.8091113738392,16.37303814313034,37.942201684839695,central_interpolation
459.72642221931613,0.07825278784266733,24.48984944124399,1.9047432827928221,236.4374337493925,25.688277072448674,49.81302845731677,sparse_high_heat
319.6006585640167,0.017816859210687198,15.128734989017849,2.016692193684284,255.09339668788002,19.37435457232156,59.12424528559442,low_flow_boundary
234.72393397295735,0.04476185150221963,16.5937178976046,2.101688112927817,219.12688880339613,18.007792066723084,34.562148691526026,central_interpolation
224.57447564745584,0.06199039674025201,38.48312389716294,2.169714629987255,292.7301485251887,39.28153111919106,52.29706961050987,central_interpolation
197.77560738786704,0.061854891979952434,16.740797538938214,1.3800817769843063,270.3523644768768,17.497504809589778,27.647576740362016,central_interpolation
188.31162881154347,0.040339879135067605,20.857890467977285,1.713511305197148,229.02174786678714,22.19135049348354,35.11747031661752,central_interpolation
199.751366944295,0.037482991841165235,28.92919158187808,1.7686716183019338,238.432452115123,30.270958457184054,45.40521116276775,central_interpolation
84.3306124835822,0.030676157053598392,21.558076030450152,1.9369977861035377,243.0234634145906,22.100789563889364,29.957097143619144,central_interpolation
79.61930261211762,0.06503679434273653,36.200032625082095,2.1114242654827935,101.5648963194683,36.51632556963696,42.91842894522303,central_interpolation
348.30021528115924,0.07269789643493912,34.47141822069335,1.781876978128309,288.3127540092626,35.49183034715214,52.571343566441755,central_interpolation
220.6228815419865,0.07144003770957125,27.43783547244238,1.946691882739763,233.92961196861145,28.238658513787517,39.32544077221287,central_interpolation
405.98681686831736,0.0975939363015382,35.54762669599227,1.3162035778872596,247.52500794523775,36.618706850184125,53.620108994249215,sparse_high_flow
284.1745357871868,0.03643137057930774,33.4453675066911,1.765453978206492,258.3886815551231,35.103712147294715,57.29288909785072,central_interpolation
494.82592032149233,0.05207769324264118,21.776593525360347,1.8145038785819838,240.4009593160284,24.07273851449878,54.361830723337995,sparse_high_heat
110.2526780539359,0.057949247995152164,30.928920227187824,2.32798764683215,250.37631910291168,31.365792852798347,37.91775163021537,central_interpolation
449.09660212284143,0.08140248906201901,17.907675410083883,1.9331213182737692,291.1312219866916,19.307338934349357,39.82752087769386,sparse_high_heat
423.21902932904516,0.0786138587192654,29.546717768048246,1.9861432166283408,220.09069489481496,30.957496462719146,52.455867386678655,central_interpolation
133.65436650300035,0.08121167487201514,25.435488813009833,1.888518491881284,132.34415350912607,25.900262753908812,34.29535753983972,central_interpolation
247.27654618017962,0.07706653026356672,15.357551209122525,1.7591830733443625,243.6245244046163,16.078582330833225,28.58431056499734,central_interpolation
408.087676352375,0.08426861587948761,20.82738372579538,2.045009024941102,178.0950566974297,22.124263447774254,44.372183647486644,central_interpolation
423.7762191922417,0.05282649982165062,35.30187211984028,1.996937488636126,217.71488974879446,37.087309877780996,64.1191208357848,central_interpolation
140.4078665342058,0.016636137859049487,21.711419058130215,2.246531241857358,271.85759987643485,23.52956905703217,41.6219610398521,low_flow_boundary
68.78749873439035,0.02876440802535413,37.08829037814713,2.2027878189404406,290.42171494689484,37.18028504853975,43.935392703004496,central_interpolation
481.7625291254435,0.016574258111117436,18.985043239659426,2.1876811348555094,246.32112553571926,25.918361953023762,89.96629600713922,combined_thermal_extreme
74.22314310372846,0.023045007978015654,25.183281873641416,1.8353655225391063,261.1232067000402,25.829469524193186,34.2838637137139,low_flow_boundary
124.63502221781867,0.03420625725574724,32.90629636424887,2.7699400028312122,266.9334398328056,33.83639246776019,45.060214914592905,central_interpolation
267.4779158741788,0.08355183779404486,31.107537509083613,2.1140579118276484,242.35547214545304,31.57662666879651,45.75412926099659,central_interpolation
483.4336868297241,0.03581143406986921,24.283105160177705,2.5456514289949568,265.6280982954594,27.410926304705644,66.24499259772271,combined_thermal_extreme
255.48622301308507,0.08394089415585956,19.43544627303541,2.110227627774106,229.99448642462832,20.23308763990722,33.082296634788975,central_interpolation
289.4410054373984,0.07143284694023605,15.978879127171561,2.0525815700007497,205.2167329435266,16.79237588367018,33.49272531115608,central_interpolation
439.1006898275674,0.06387957734388908,24.830894289008036,1.8771881044068506,104.33923438059185,26.534395128776318,60.77907338662906,sparse_high_heat
356.22323490774767,0.06608919448563083,32.31397615601158,1.8707902598736852,268.4313108351647,33.518057137046725,52.31753980818119,central_interpolation
286.30425750338554,0.04438288239052481,30.505742363879165,1.99449893975491,240.38019547082703,32.04185816203609,52.440590160490906,central_interpolation
380.53233716621725,0.06422490339767178,23.682766312079067,1.8641295881158984,185.37507498148685,25.187471605289304,48.10361810179595,central_interpolation
412.9324884297124,0.03526160345171971,27.637431778249006,2.9001063113509757,246.76061777206914,30.577900783763017,65.46905011124139,combined_thermal_extreme
183.07204672689656,0.0825754422497667,24.270238570107125,1.8487305788699877,272.7113670968547,24.813741611801547,32.694554431849255,central_interpolation
84.64648988980555,0.042512980417517394,27.30409233304128,1.9832233676319464,215.74897781130755,27.657641528912347,34.225704562330115,central_interpolation
136.4178264031693,0.08862762042939445,25.99698644336292,2.134279859359186,267.2576830281983,26.295988388590487,32.53133855910149,sparse_high_flow
217.47439887100774,0.06830325628623193,29.470540252659628,2.576145855176212,265.06096214235527,30.32670314667248,42.3158746471312,central_interpolation
411.727821822861,0.06485626923816945,25.788812925078886,2.1277230331802053,238.36640917165641,27.152182899684046,50.63831234983707,central_interpolation
194.70350705783133,0.05193183185562823,36.88146118242016,1.834980948677435,292.3302572241545,37.75040650900214,49.437409073808105,central_interpolation
344.82075422700404,0.06334411278551955,24.09559885861083,1.3358724796028358,285.52347695323164,25.33814904646243,42.845688533926484,central_interpolation
256.7323347553138,0.03354806352093394,15.338221439593857,2.1290744140742106,233.4545332721863,17.150875855856484,39.02274687615032,central_interpolation
119.92435468984853,0.06591968336632317,20.02293762744092,1.571584954221194,396.8835802875595,20.306148582002166,25.993396204335962,central_interpolation
172.68080049969524,0.040548473797297216,25.63789573476644,1.6761711626679097,232.7474326070569,26.377453911804952,38.48138463660378,central_interpolation
299.8458960212281,0.04068866653061681,26.487151852634067,2.213187000724641,223.4249748286939,28.325720270096728,51.176195729037616,central_interpolation
307.36642346697175,0.02020997199299658,26.738176772881136,1.2116415054090466,254.25267226428335,30.516014744571013,62.03613435924495,low_flow_boundary
216.29560315446017,0.08789738862218578,30.184232088239245,2.141587870408806,287.6869979063939,30.50326392826659,40.00396333772598,sparse_high_flow
137.45694301825887,0.04436881679961367,20.83627303062247,2.272380030288132,283.33037590337693,21.631710600954822,30.569795831897437,central_interpolation
326.1293431635987,0.09329043591870763,29.12920317963139,2.219745151854539,232.5246240098344,30.12680954853004,45.475986698968384,sparse_high_flow
114.5939384168634,0.03549642879398002,29.96068580378327,1.9409120496081655,117.21973774616788,30.821291530557236,41.78075393784231,central_interpolation
408.27615713841095,0.03565947477800228,23.73971599319256,2.0643246397928827,195.81804644721052,26.41235730047114,59.77288342821644,combined_thermal_extreme
121.87311898145234,0.05762953001478339,23.546093356859345,2.295062080551622,253.97471568842346,23.90976922951681,31.208992423935435,central_interpolation
91.04697878343907,0.031619276494239935,18.80215169519956,2.041062446825431,210.70311820456558,19.502181106531317,28.000095576010114,central_interpolation
240.3502461547574,0.06690051150329662,23.797231745426693,1.7690165614582198,196.42644248939447,24.692653648081055,38.31823735447441,central_interpolation
248.72772127695796,0.08296866892934358,31.719846198774015,1.7272584528672565,213.81577627982875,32.4503786180055,44.79549102442384,central_interpolation
244.38378990267864,0.05038812416485583,34.31567636793503,2.003609630152136,305.4342755327036,35.44728673726871,50.77667340262809,central_interpolation
217.0253146721061,0.08026963472849263,27.614280315506765,1.9541769952411077,267.94318118758406,28.097774524870932,38.96187979396139,central_interpolation
430.5166965073252,0.02969394524092946,21.36161979627885,1.8480877343775166,256.121834419,24.888584287376833,62.679123022954705,combined_thermal_extreme
236.00233434649758,0.02620633052466561,29.498656521519294,1.9086032183965682,277.12219412645646,31.72063365340984,52.659443224415156,central_interpolation
232.81456713298536,0.06894623928337192,30.728106934790084,2.154423719927871,174.32313960488938,31.564908497543925,46.39117606019306,central_interpolation
211.3255189883197,0.07144435909783428,22.059521549089077,1.9791484013802974,238.08080324081584,22.782788724901057,34.218671766365226,central_interpolation
75.56085117330956,0.07661266918084234,32.56414205665287,1.3845202682529913,293.45907005573474,33.051641272724176,37.21517100424385,central_interpolation
464.1056198843169,0.02707951373919883,16.566036432939725,2.1409553532666195,212.22522942963505,20.566652091045547,65.83461068506088,combined_thermal_extreme
137.1976728753673,0.07244514446228031,15.228516499000543,2.284408490267255,196.6966174985766,15.873148057979689,22.825708122358073,central_interpolation
293.8854349376116,0.09557048240783414,17.613128918431116,2.268371778899317,224.14343249180118,18.23763224509345,32.28778393456296,sparse_high_flow
69.44379919529251,0.04261027085897851,18.315177391334583,1.3801847191460366,266.6442793411204,18.870851845481198,23.14031227130768,central_interpolation
425.38056622927314,0.09723959021472535,33.67724195013908,1.2470125146785507,279.5238845555298,34.90729282694266,52.02303975606225,sparse_high_flow
229.39444272234712,0.08624899257145921,24.03086117220222,1.7123258207168863,214.85722563538653,24.622277781856234,36.306156174277035,central_interpolation
393.00892963344216,0.027510806127088408,20.84229845437061,2.294664034657759,384.6317741509764,24.504156784740307,59.48629046870848,combined_thermal_extreme
231.90214876159754,0.07560150492030396,24.11784621471991,1.8566036652815578,393.9017904828044,24.9209841297275,35.0277202095658,central_interpolation
73.07653810463981,0.09445993551422177,23.390368969888435,2.938173455197849,219.73327553669728,23.443590499230574,27.416863459512488,sparse_high_flow
364.49668138088117,0.06981006798849762,21.40606044474536,2.209492172719739,255.98713030321417,22.597252381995883,41.99342345361765,central_interpolation
297.93027659767887,0.06833817855507318,17.930366126254263,1.7962787976367829,265.4655083688151,19.141763067390354,34.2678271386003,central_interpolation
349.022070697034,0.0969469717778065,28.938203566944964,2.2087276056862875,236.9314246515444,29.936704793528545,46.256139283390766,sparse_high_flow
213.77497279214404,0.016709224066211725,17.902843559067676,2.3164806116222127,279.8784046782341,20.800475300897794,49.696714451385795,low_flow_boundary
294.01080467434167,0.0164695052740012,31.477769619294328,2.872901829416977,250.95923665420423,35.72153218770616,77.52194761225223,low_flow_boundary
377.50759395220234,0.06120729480972577,19.28587028220964,1.983222573518683,261.4295355946459,20.789807609795947,41.91278368204854,central_interpolation
291.38253189849695,0.045793094277370036,30.541640276582875,1.9244544279552414,135.90207030625334,31.98557207549667,54.6803263570045,central_interpolation
182.985165324733,0.03129860186037967,32.11870474602867,1.979775583986464,203.14596532024302,33.869038003724384,49.76924892638147,central_interpolation
303.41756984507145,0.03522674150856705,17.663177707707078,2.248905409221579,162.3916209419426,19.755865540660054,46.611520338124215,central_interpolation
306.9842271448808,0.04440020668493104,16.843347576120088,1.0668049261267485,286.3528133378394,18.48577832385293,36.93294664409111,central_interpolation
417.42451315878407,0.0279247023658623,35.178421376390276,2.1487423408628876,284.4378145823426,38.928051682509334,76.62873947257772,combined_thermal_extreme
191.87396298968847,0.027085531734092404,24.839744643492338,2.2264775154459935,156.03687866713454,26.477270801123332,46.75511130801336,central_interpolation
212.5937760741552,0.08120965405444398,28.392504268176005,2.1637972370608267,247.29395150148386,29.168997939342656,39.123708653225734,central_interpolation
360.63703265405013,0.04316247320928286,15.494284352587565,1.7244399588832975,252.2912786754553,17.240143972075163,41.57589542508432,central_interpolation
243.45408538909854,0.08538053394083585,20.922591336822222,2.2656744584765973,276.6505390493536,21.535718662763706,33.48391071868757,central_interpolation
331.7392081167679,0.010357467867617006,25.739700159386956,1.7279881425551675,269.14813244046366,33.54851495718858,91.40875710043836,low_flow_boundary
225.83887015349896,0.03248199078660817,33.83213915952483,2.1166577736714167,215.39690743083437,35.72861985256795,55.13741945987849,central_interpolation
132.42689174335794,0.06854023108246002,20.768087623242998,2.045212172189099,285.5987079831181,21.113656701888093,28.452480875691638,central_interpolation
335.04046986373663,0.06135070801500536,31.47281554699779,2.1718341384213895,219.4614153500166,32.6439455813481,53.19454496686998,central_interpolation
100.16685221315154,0.06701076560562468,29.072024725497414,1.7890658311093866,220.4616124072002,29.514233773546817,35.29786510668777,central_interpolation
125.95825130072534,0.029560033000911912,17.44950381587208,1.807622235237622,227.69561217927975,18.373989443542097,29.77970334776746,central_interpolation
289.7605559149598,0.03537928495397716,21.234222421829926,2.151264159643016,181.76646192920822,23.15048591494241,48.450805273070614,central_interpolation
335.8306985734667,0.028328235671405536,20.054610774320672,1.029951211873188,238.560264336082,23.018126258864765,51.03748540438386,central_interpolation
392.21811672693923,0.061560454928675484,24.403711235932317,2.722484088803663,183.5864722760919,25.84413779905468,51.709931601807,central_interpolation
154.26433526157857,0.08565523777849274,28.500852664761165,2.138988854126559,293.32575995489003,28.636280385303692,35.21530333168223,central_interpolation
92.35202891471204,0.06583502587245031,24.21016980455577,2.0907451572696085,397.63844690221924,24.350119314175764,28.86931023158371,central_interpolation
415.68784726740563,0.06827797670638157,20.196402234725877,2.2399413612328494,273.1253963912859,21.652307611865695,44.01825991889412,central_interpolation
109.06683116846949,0.0855288576172267,29.787423824850855,2.489382338752292,235.0893276019715,29.812546054960865,35.288180742915316,central_interpolation
125.60762071239962,0.06621472791282315,27.420010762619157,2.2813849419446246,215.53443437628613,27.82860775879741,35.825115687392646,central_interpolation
161.43351598611315,0.026031439075593632,38.01680925677021,1.9878422123150292,242.97400198176447,39.28947652348496,55.10919121104534,central_interpolation
252.49219291505494,0.07812135285396565,26.78141644572704,2.236804875816526,254.3877589952744,27.799516936667043,40.29224622741422,central_interpolation
446.0379668142049,0.04647473229386417,19.71538873374375,1.8317509396797995,377.10321219707515,22.332904867819973,49.49765383741484,sparse_high_heat
340.9088536941741,0.023774908155427068,29.459160048214695,1.9054610537971026,241.47425131869423,32.72590079932286,67.63483528047949,central_interpolation
320.87026434480794,0.0554557531863317,23.234386380198828,2.2996936425767514,122.76965229680715,24.655140765456544,49.78124909071928,central_interpolation
445.0128309141678,0.08253194505520461,22.723691169262917,1.881614928486151,256.88032177482,23.867735498634445,45.5176492818395,sparse_high_heat
186.81360655868514,0.03971183329328394,18.181851925668873,1.7158375092695268,270.08445346493653,19.25925540410719,31.917411624503742,central_interpolation
232.98988422815432,0.05446532990232891,27.682793359196985,2.0077529465332016,296.9651955988377,28.97523565076185,42.2090603013538,central_interpolation
106.39042720823659,0.02272387505481739,27.806618724113264,1.5149397864570484,237.06328224545328,28.85507667624467,40.03940375111823,low_flow_boundary
154.58686106345223,0.01430884861885895,22.231388677913728,2.9475155355372946,243.06705479160047,24.769368131001478,49.03447194377767,low_flow_boundary
167.93745051196294,0.02857433164292613,33.2718137083926,2.295429905656363,306.6442291597486,34.53445094490275,50.38465716131134,central_interpolation
463.80839745624417,0.06930168707556539,32.96598034770285,2.1227831113580926,255.97180405431732,34.73671404339102,58.62953267568405,sparse_high_heat
260.46668215490854,0.01345517760539004,17.317404012751666,1.730399977569722,279.08821166216603,21.45240054239273,59.189870207692664,low_flow_boundary
319.6732851705038,0.03252782687290694,29.769565740960765,1.8014400150953302,233.13718187752966,32.050897338197096,59.024818038582815,central_interpolation
76.74884903989941,0.09180158579057247,23.368988568931723,1.8029825075773096,220.47026158393217,23.561826071742043,27.54135565900012,sparse_high_flow
234.02958642440478,0.03578685646162412,36.24394058508648,1.7737667938412727,239.72674861097184,37.707019835808964,55.923323543915345,central_interpolation
349.1957821899316,0.02519191394636496,19.781752130798864,2.0522392480092813,366.7757200247252,23.222660753403513,56.065415059452334,central_interpolation
336.1062243243109,0.05836617630287997,20.9611393650579,2.0033935337841293,257.44578610128815,22.517119229260086,42.16472206238456,central_interpolation
361.7654593036734,0.023492020492733565,24.39475875930921,2.1457199505893048,243.64433679284917,27.861764064918376,65.73737635830976,low_flow_boundary
221.4520421877572,0.06431628129575945,20.71019690946409,2.2353837369391156,255.9343205701338,21.846764666740338,33.6442477459481,central_interpolation
452.0365052567944,0.0479473734800416,29.704859035713426,1.8480091144589972,265.21688998844616,31.74358322194044,60.949829179752655,sparse_high_heat
142.08804973945809,0.058465645494214034,25.219297383856464,2.253795191993238,244.1458116961361,25.99316598287472,34.680705436995474,central_interpolation
188.0100397421996,0.029428256318082154,19.69367524055273,2.0107950635324574,245.29388238275985,21.242369911188515,37.57414907228774,central_interpolation
486.2340802147463,0.03322113427952912,25.760448976589455,1.8553009509110703,268.12610164435375,29.18137917645054,68.2151112513439,combined_thermal_extreme
228.8128363314287,0.08220306103183794,33.88674003525706,1.3246532426752582,210.4776324885131,34.49029139643196,45.61576593561833,central_interpolation
199.96295857390703,0.0714749881126535,31.838407495563622,1.1118308367492546,253.60725114595098,32.501718705110044,42.23729426374034,central_interpolation
142.15462202847442,0.08163256303698554,25.600114644069947,2.035705626483776,120.0964942866475,26.047382110796963,35.40421009463362,central_interpolation
337.55612128077394,0.08125085792346014,21.130467816766387,2.1329729210179798,273.1077035015543,21.984917910541622,38.05644944758354,central_interpolation
170.04639033270482,0.06441173487778766,18.822587374928716,1.867986612293686,293.43802771029925,19.418167868172006,28.869349070534994,central_interpolation
154.34765628078216,0.0819790348310664,33.66563614022153,2.2723438661707425,276.6179308108127,33.99981301521925,41.288114453924365,central_interpolation
100.06555155031435,0.04975235849419518,30.091047485597297,1.844170738014791,250.34097513854212,30.389266053221725,36.802778815774474,central_interpolation
217.84930093924538,0.02372782342145128,27.15847019188349,2.2039245696390433,220.25078616464606,29.229178518511706,51.92888264361965,central_interpolation
165.88397053026802,0.027441980298308043,33.68798622651545,1.7471269782994743,257.94348744698533,34.959565032317,49.86732019043526,central_interpolation
191.24686181292049,0.03039770151915136,17.5859186066994,2.9667597023529115,280.08689980414175,19.025879334853748,36.82895140351734,central_interpolation
140.2689529523614,0.029507267550520196,29.50289732754395,1.9285907503411448,288.91726572807994,30.703389358545884,42.85925456080321,central_interpolation
341.9069748561119,0.0456572506235666,19.60513663878118,2.7915889936925633,279.27793415446905,21.412196397634222,45.47592104926846,central_interpolation
405.7262803631794,0.06768006084788952,17.562270621589725,1.7867512190760695,222.00717457263073,19.29052177822624,41.52469164797343,central_interpolation
240.4589336917495,0.07331087481583118,24.89418083764733,2.4042091349728274,204.87937361731167,25.346174750041552,40.0874184386398,central_interpolation
493.7633301688576,0.06068343628371135,23.232099757492517,2.9811958579857216,284.2139452737259,25.246291352714458,53.97471973085304,sparse_high_heat
381.6933958020651,0.03272547899708971,34.99993919816019,2.445656524084213,266.29152699642776,37.78721208063474,69.63310331932253,combined_thermal_extreme
432.0523362801244,0.08694371354859733,21.8845653684761,1.9116406425562025,266.71768368353935,23.194047745256423,42.42057467006758,sparse_high_flow
284.6700554091608,0.045852520905668735,32.31667300485505,1.7708757359687142,250.01460576259709,33.907273211212264,52.36088067553758,central_interpolation
486.6836408569647,0.024318580966323163,30.912573759952323,2.266585843711484,262.32785999129544,35.66872097958992,85.17067420664037,combined_thermal_extreme
397.54265430753304,0.088067340656671,29.193382238743894,1.962906974451328,231.4942647300719,30.29765447398572,49.34995870544813,sparse_high_flow
352.7301940864155,0.0443278349108816,34.55851005040127,2.1141987568137166,212.99290781071707,36.347833034188085,62.458267895100995,central_interpolation
450.4570839019624,0.04077746871874048,23.668397630603522,2.0451606059984186,279.49434142708606,26.399416471640162,58.93627098796262,sparse_high_heat
81.04140516214149,0.07464781965081789,23.280512702135894,2.0010295501113244,395.6482377326754,23.25803389746159,27.400197563226122,central_interpolation
451.00407157398104,0.07137536304842769,18.420132751107076,2.0699465741341094,282.11401018392496,20.046155990378512,43.6682641160819,sparse_high_heat
232.52924223071867,0.08702275511659144,20.85994410427022,2.239005383721457,235.05221984027227,21.494798481223853,32.69986180224872,sparse_high_flow
239.0753090769913,0.03225731994627271,33.695249691293505,2.1195874254164657,213.41771361771356,35.392736408380756,55.74414374782747,central_interpolation
205.81611335758691,0.07439353631149576,25.08062032436657,2.0194880476731325,230.21245488682658,25.706654334848555,36.983051632604294,central_interpolation
267.32401186894697,0.09094073928143265,22.2537580965526,1.678502246802792,280.85518382289104,22.932110095207005,33.75047711956953,sparse_high_flow
261.2022340139433,0.03577477424832769,19.592381170496136,2.0638365683054127,154.68560469718503,21.53119472314374,44.25934076969196,central_interpolation
370.0044881950051,0.06432991760773554,25.30540531767682,2.2024362661203463,138.20003185199417,27.16445480474322,52.473565497225486,central_interpolation
449.6941636329291,0.0539612333832319,30.229139122371237,1.159533284971123,235.8412916593393,32.40295883547596,57.9606531746445,sparse_high_heat
136.13045728537114,0.051179053896942175,21.09220554096285,1.966141880098498,318.69160180017263,21.64283098335032,29.76362647477477,central_interpolation
353.3244044520586,0.030563759298760495,31.1014760672689,2.1545686267231474,276.1034399474405,33.95758700583568,63.96609697508692,central_interpolation
374.29760171304787,0.05615316937824542,28.382990212904517,2.281347490113371,226.05927484586311,30.076357974034025,53.475151586432716,central_interpolation
430.5202617099819,0.02979570396525891,31.735704453968715,1.4433649804450817,333.23054800523903,35.04869137248097,69.83480042063637,combined_thermal_extreme
383.8888462680597,0.0338479633970188,20.331829613591886,2.192441471854988,258.3157905242633,22.852113467815578,54.60553688850755,combined_thermal_extreme
390.3863702051666,0.031850417799310055,28.409348075577213,2.061055338235691,205.7107806987688,31.327918074248707,65.5690470547403,combined_thermal_extreme
170.2380880559386,0.08360882158141048,37.574454361453604,2.149599192842444,207.2637948065211,38.182023763098286,46.38220341217661,central_interpolation
203.63557500858647,0.041446475497965075,22.73068587099853,1.8068289771545325,284.3994414761436,23.66264089317044,37.56105266193401,central_interpolation
152.54255259386076,0.04587787238654849,30.392652015409528,1.8350804718569844,263.075337498497,31.078824566681817,41.37384599986786,central_interpolation
281.90951980871375,0.04379107819665028,28.422953193573637,1.8543828589948186,301.6820643023981,30.046739556787436,48.651969734510125,central_interpolation
409.0930479841922,0.08008977804622305,18.99204041342234,1.702096988665608,332.8587486279776,20.21854043872729,37.91375218277151,central_interpolation
181.82513909069377,0.05896685241409798,33.239781781966244,2.2800425448032455,242.84137986256988,34.188848340897664,43.97563558398083,central_interpolation
263.0531815696547,0.08140707363279864,16.133708374835116,2.218309137111105,276.87501215280713,16.69394085004212,29.666637108393367,central_interpolation
163.33460864845802,0.04239526906715742,38.55711268950735,2.008219171081956,289.3779200331284,39.83030561170611,50.33151579629656,central_interpolation
114.94848996806061,0.030734584489212784,35.90618562992164,1.852491372871404,220.49539969926596,36.5689500269336,47.147411851968194,central_interpolation
124.6584651556358,0.058541762521623,26.294475551658408,2.1157851261195417,308.1164716279517,26.498795160803972,33.47394043228378,central_interpolation
72.1640942858347,0.01970231056531108,32.01427617413769,1.4036369871260905,232.70128068540086,32.88043266437048,40.445628680867735,low_flow_boundary
413.104772551041,0.07402013050991715,37.068059442103866,2.9070020296563412,233.93437027484686,38.23113921989075,61.27789929007842,central_interpolation
204.10145025416833,0.07890367476143449,31.640626692113592,2.2997108661085695,242.14793659327475,32.25275807798378,43.61886124842387,central_interpolation
441.61507148379593,0.05327213118714552,28.931375376299854,1.909449564493922,282.7347567917277,30.900678376039597,57.46246274938873,sparse_high_heat
310.60852330380686,0.08469561851738702,29.686555308922486,1.8466418260868287,140.73120468675302,30.533288210022878,49.12939085174288,central_interpolation
496.20638984700054,0.05833981939969757,19.84098696058566,1.8604294932768548,282.46656924355216,21.74650527137017,49.84814353117309,sparse_high_heat
117.11430931650109,0.04056798478333769,30.763694413424503,1.756007747408403,266.20428846123434,31.518240553284645,38.975978058061976,central_interpolation
360.5854870777834,0.0543054574666893,20.05558509161703,1.936427717900093,214.93739124542697,21.594212271964338,44.03781879241594,central_interpolation
151.25222931197305,0.02585054842138444,35.83860584678,1.7104550316301455,276.3028237315675,37.40191619313481,50.265972049654714,central_interpolation
